ReleaseID,ClassName,LOC,NRtotal,Buggy
1,openjpa-jdbc\src\main\java\org\apache\openjpa\jdbc\ant\MappingToolTask.java,212,0,no
1,openjpa-jdbc\src\main\java\org\apache\openjpa\jdbc\ant\ReverseMappingToolTask.java,257,0,no
1,openjpa-jdbc\src\main\java\org\apache\openjpa\jdbc\ant\SchemaToolTask.java,148,0,no
1,openjpa-jdbc\src\main\java\org\apache\openjpa\jdbc\conf\FetchModeValue.java,50,0,no
1,openjpa-jdbc\src\main\java\org\apache\openjpa\jdbc\conf\JDBCConfiguration.java,603,0,no
1,openjpa-jdbc\src\main\java\org\apache\openjpa\jdbc\conf\JDBCConfigurationImpl.java,873,0,no
1,openjpa-jdbc\src\main\java\org\apache\openjpa\jdbc\conf\JDBCProductDerivation.java,52,0,no
1,openjpa-jdbc\src\main\java\org\apache\openjpa\jdbc\conf\JDBCSeqValue.java,58,0,no
1,openjpa-jdbc\src\main\java\org\apache\openjpa\jdbc\conf\MappingFactoryValue.java,158,0,no
1,openjpa-jdbc\src\main\java\org\apache\openjpa\jdbc\conf\MappingRepositoryValue.java,61,0,no
1,openjpa-jdbc\src\main\java\org\apache\openjpa\jdbc\kernel\AbstractJDBCSavepointManager.java,135,0,no
1,openjpa-jdbc\src\main\java\org\apache\openjpa\jdbc\kernel\AbstractJDBCSeq.java,189,0,no
1,openjpa-jdbc\src\main\java\org\apache\openjpa\jdbc\kernel\AbstractUpdateManager.java,376,0,no
1,openjpa-jdbc\src\main\java\org\apache\openjpa\jdbc\kernel\ClassTableJDBCSeq.java,259,0,no
1,openjpa-jdbc\src\main\java\org\apache\openjpa\jdbc\kernel\ConnectionInfo.java,32,0,no
1,openjpa-jdbc\src\main\java\org\apache\openjpa\jdbc\kernel\DelegatingJDBCFetchConfiguration.java,243,0,no
1,openjpa-jdbc\src\main\java\org\apache\openjpa\jdbc\kernel\EagerFetchModes.java,42,0,no
1,openjpa-jdbc\src\main\java\org\apache\openjpa\jdbc\kernel\exps\Abs.java,46,0,no
1,openjpa-jdbc\src\main\java\org\apache\openjpa\jdbc\kernel\exps\AbstractVal.java,75,0,no
1,openjpa-jdbc\src\main\java\org\apache\openjpa\jdbc\kernel\exps\Aggregate.java,193,0,no
1,openjpa-jdbc\src\main\java\org\apache\openjpa\jdbc\kernel\exps\All.java,34,0,no
1,openjpa-jdbc\src\main\java\org\apache\openjpa\jdbc\kernel\exps\AndExpression.java,91,0,no
1,openjpa-jdbc\src\main\java\org\apache\openjpa\jdbc\kernel\exps\Any.java,34,0,no
1,openjpa-jdbc\src\main\java\org\apache\openjpa\jdbc\kernel\exps\Args.java,180,0,no
1,openjpa-jdbc\src\main\java\org\apache\openjpa\jdbc\kernel\exps\Avg.java,41,0,no
1,openjpa-jdbc\src\main\java\org\apache\openjpa\jdbc\kernel\exps\BindVariableAndExpression.java,79,0,no
1,openjpa-jdbc\src\main\java\org\apache\openjpa\jdbc\kernel\exps\BindVariableExpression.java,80,0,no
1,openjpa-jdbc\src\main\java\org\apache\openjpa\jdbc\kernel\exps\CompareEqualExpression.java,134,0,no
1,openjpa-jdbc\src\main\java\org\apache\openjpa\jdbc\kernel\exps\CompareExpression.java,101,0,no
1,openjpa-jdbc\src\main\java\org\apache\openjpa\jdbc\kernel\exps\Concat.java,174,0,no
1,openjpa-jdbc\src\main\java\org\apache\openjpa\jdbc\kernel\exps\Const.java,204,0,no
1,openjpa-jdbc\src\main\java\org\apache\openjpa\jdbc\kernel\exps\ConstGetObjectId.java,83,0,no
1,openjpa-jdbc\src\main\java\org\apache\openjpa\jdbc\kernel\exps\ConstInstanceofExpression.java,76,0,no
1,openjpa-jdbc\src\main\java\org\apache\openjpa\jdbc\kernel\exps\ConstPath.java,185,0,no
1,openjpa-jdbc\src\main\java\org\apache\openjpa\jdbc\kernel\exps\ContainsExpression.java,62,0,no
1,openjpa-jdbc\src\main\java\org\apache\openjpa\jdbc\kernel\exps\ContainsKeyExpression.java,46,0,no
1,openjpa-jdbc\src\main\java\org\apache\openjpa\jdbc\kernel\exps\Count.java,55,0,no
1,openjpa-jdbc\src\main\java\org\apache\openjpa\jdbc\kernel\exps\CurrentDate.java,70,0,no
1,openjpa-jdbc\src\main\java\org\apache\openjpa\jdbc\kernel\exps\Distinct.java,45,0,no
1,openjpa-jdbc\src\main\java\org\apache\openjpa\jdbc\kernel\exps\EmptyExpression.java,55,0,no
1,openjpa-jdbc\src\main\java\org\apache\openjpa\jdbc\kernel\exps\EndsWithExpression.java,202,0,no
1,openjpa-jdbc\src\main\java\org\apache\openjpa\jdbc\kernel\exps\EqualExpression.java,75,0,no
1,openjpa-jdbc\src\main\java\org\apache\openjpa\jdbc\kernel\exps\Exp.java,72,0,no
1,openjpa-jdbc\src\main\java\org\apache\openjpa\jdbc\kernel\exps\Extension.java,237,0,no
1,openjpa-jdbc\src\main\java\org\apache\openjpa\jdbc\kernel\exps\FilterValue.java,103,0,no
1,openjpa-jdbc\src\main\java\org\apache\openjpa\jdbc\kernel\exps\FilterValueImpl.java,101,0,no
1,openjpa-jdbc\src\main\java\org\apache\openjpa\jdbc\kernel\exps\GetColumn.java,80,0,no
1,openjpa-jdbc\src\main\java\org\apache\openjpa\jdbc\kernel\exps\GetMapValue.java,213,0,no
1,openjpa-jdbc\src\main\java\org\apache\openjpa\jdbc\kernel\exps\GetObjectId.java,182,0,no
1,openjpa-jdbc\src\main\java\org\apache\openjpa\jdbc\kernel\exps\HasContainsExpressionVisitor.java,30,0,no
1,openjpa-jdbc\src\main\java\org\apache\openjpa\jdbc\kernel\exps\IndexOf.java,165,0,no
1,openjpa-jdbc\src\main\java\org\apache\openjpa\jdbc\kernel\exps\InExpression.java,175,0,no
1,openjpa-jdbc\src\main\java\org\apache\openjpa\jdbc\kernel\exps\InKeyExpression.java,44,0,no
1,openjpa-jdbc\src\main\java\org\apache\openjpa\jdbc\kernel\exps\InstanceofExpression.java,153,0,no
1,openjpa-jdbc\src\main\java\org\apache\openjpa\jdbc\kernel\exps\InSubQExpression.java,79,0,no
1,openjpa-jdbc\src\main\java\org\apache\openjpa\jdbc\kernel\exps\InValueExpression.java,44,0,no
1,openjpa-jdbc\src\main\java\org\apache\openjpa\jdbc\kernel\exps\IsEmptyExpression.java,71,0,no
1,openjpa-jdbc\src\main\java\org\apache\openjpa\jdbc\kernel\exps\IsNotEmptyExpression.java,71,0,no
1,openjpa-jdbc\src\main\java\org\apache\openjpa\jdbc\kernel\exps\JDBCAggregateListener.java,42,0,no
1,openjpa-jdbc\src\main\java\org\apache\openjpa\jdbc\kernel\exps\JDBCExpressionFactory.java,449,0,no
1,openjpa-jdbc\src\main\java\org\apache\openjpa\jdbc\kernel\exps\JDBCFilterListener.java,44,0,no
1,openjpa-jdbc\src\main\java\org\apache\openjpa\jdbc\kernel\exps\JDBCPath.java,29,0,no
1,openjpa-jdbc\src\main\java\org\apache\openjpa\jdbc\kernel\exps\JDBCStringContains.java,53,0,no
1,openjpa-jdbc\src\main\java\org\apache\openjpa\jdbc\kernel\exps\JDBCWildcardMatch.java,58,0,no
1,openjpa-jdbc\src\main\java\org\apache\openjpa\jdbc\kernel\exps\Lit.java,87,0,no
1,openjpa-jdbc\src\main\java\org\apache\openjpa\jdbc\kernel\exps\MatchesExpression.java,133,0,no
1,openjpa-jdbc\src\main\java\org\apache\openjpa\jdbc\kernel\exps\Math.java,166,0,no
1,openjpa-jdbc\src\main\java\org\apache\openjpa\jdbc\kernel\exps\Max.java,41,0,no
1,openjpa-jdbc\src\main\java\org\apache\openjpa\jdbc\kernel\exps\Min.java,41,0,no
1,openjpa-jdbc\src\main\java\org\apache\openjpa\jdbc\kernel\exps\NotContainsExpression.java,85,0,no
1,openjpa-jdbc\src\main\java\org\apache\openjpa\jdbc\kernel\exps\NotEqualExpression.java,76,0,no
1,openjpa-jdbc\src\main\java\org\apache\openjpa\jdbc\kernel\exps\NotExpression.java,72,0,no
1,openjpa-jdbc\src\main\java\org\apache\openjpa\jdbc\kernel\exps\Null.java,53,0,no
1,openjpa-jdbc\src\main\java\org\apache\openjpa\jdbc\kernel\exps\OrExpression.java,107,0,no
1,openjpa-jdbc\src\main\java\org\apache\openjpa\jdbc\kernel\exps\Param.java,117,0,no
1,openjpa-jdbc\src\main\java\org\apache\openjpa\jdbc\kernel\exps\PCPath.java,680,0,no
1,openjpa-jdbc\src\main\java\org\apache\openjpa\jdbc\kernel\exps\SelectConstructor.java,344,0,no
1,openjpa-jdbc\src\main\java\org\apache\openjpa\jdbc\kernel\exps\Size.java,57,0,no
1,openjpa-jdbc\src\main\java\org\apache\openjpa\jdbc\kernel\exps\SQLEmbed.java,68,0,no
1,openjpa-jdbc\src\main\java\org\apache\openjpa\jdbc\kernel\exps\SQLExpression.java,38,0,no
1,openjpa-jdbc\src\main\java\org\apache\openjpa\jdbc\kernel\exps\SQLValue.java,36,0,no
1,openjpa-jdbc\src\main\java\org\apache\openjpa\jdbc\kernel\exps\Sqrt.java,41,0,no
1,openjpa-jdbc\src\main\java\org\apache\openjpa\jdbc\kernel\exps\StartsWithExpression.java,266,0,no
1,openjpa-jdbc\src\main\java\org\apache\openjpa\jdbc\kernel\exps\StringFunction.java,140,0,no
1,openjpa-jdbc\src\main\java\org\apache\openjpa\jdbc\kernel\exps\StringLength.java,61,0,no
1,openjpa-jdbc\src\main\java\org\apache\openjpa\jdbc\kernel\exps\SubQ.java,222,0,no
1,openjpa-jdbc\src\main\java\org\apache\openjpa\jdbc\kernel\exps\Substring.java,160,0,no
1,openjpa-jdbc\src\main\java\org\apache\openjpa\jdbc\kernel\exps\Sum.java,51,0,no
1,openjpa-jdbc\src\main\java\org\apache\openjpa\jdbc\kernel\exps\ToLowerCase.java,49,0,no
1,openjpa-jdbc\src\main\java\org\apache\openjpa\jdbc\kernel\exps\ToUpperCase.java,49,0,no
1,openjpa-jdbc\src\main\java\org\apache\openjpa\jdbc\kernel\exps\Trim.java,199,0,no
1,openjpa-jdbc\src\main\java\org\apache\openjpa\jdbc\kernel\exps\UnaryOp.java,166,0,no
1,openjpa-jdbc\src\main\java\org\apache\openjpa\jdbc\kernel\exps\Val.java,156,0,no
1,openjpa-jdbc\src\main\java\org\apache\openjpa\jdbc\kernel\exps\Variable.java,192,0,no
1,openjpa-jdbc\src\main\java\org\apache\openjpa\jdbc\kernel\GenericResultObjectProvider.java,126,0,no
1,openjpa-jdbc\src\main\java\org\apache\openjpa\jdbc\kernel\InstanceResultObjectProvider.java,58,0,no
1,openjpa-jdbc\src\main\java\org\apache\openjpa\jdbc\kernel\JDBCBrokerFactory.java,168,0,no
1,openjpa-jdbc\src\main\java\org\apache\openjpa\jdbc\kernel\JDBCFetchConfiguration.java,172,0,no
1,openjpa-jdbc\src\main\java\org\apache\openjpa\jdbc\kernel\JDBCFetchConfigurationImpl.java,322,0,no
1,openjpa-jdbc\src\main\java\org\apache\openjpa\jdbc\kernel\JDBCLockManager.java,46,0,no
1,openjpa-jdbc\src\main\java\org\apache\openjpa\jdbc\kernel\JDBCSeq.java,38,0,no
1,openjpa-jdbc\src\main\java\org\apache\openjpa\jdbc\kernel\JDBCStore.java,96,0,no
1,openjpa-jdbc\src\main\java\org\apache\openjpa\jdbc\kernel\JDBCStoreManager.java,1383,0,no
1,openjpa-jdbc\src\main\java\org\apache\openjpa\jdbc\kernel\JDBCStoreQuery.java,628,0,no
1,openjpa-jdbc\src\main\java\org\apache\openjpa\jdbc\kernel\LRSSizes.java,43,0,no
1,openjpa-jdbc\src\main\java\org\apache\openjpa\jdbc\kernel\MappedQueryResultObjectProvider.java,455,0,no
1,openjpa-jdbc\src\main\java\org\apache\openjpa\jdbc\kernel\NativeJDBCSeq.java,360,0,no
1,openjpa-jdbc\src\main\java\org\apache\openjpa\jdbc\kernel\OperationOrderUpdateManager.java,217,0,no
1,openjpa-jdbc\src\main\java\org\apache\openjpa\jdbc\kernel\PagingResultObjectProvider.java,441,0,no
1,openjpa-jdbc\src\main\java\org\apache\openjpa\jdbc\kernel\PessimisticLockManager.java,177,0,no
1,openjpa-jdbc\src\main\java\org\apache\openjpa\jdbc\kernel\PreparedStatementManager.java,44,0,no
1,openjpa-jdbc\src\main\java\org\apache\openjpa\jdbc\kernel\PreparedStatementManagerImpl.java,127,0,no
1,openjpa-jdbc\src\main\java\org\apache\openjpa\jdbc\kernel\ProjectionResultObjectProvider.java,70,0,no
1,openjpa-jdbc\src\main\java\org\apache\openjpa\jdbc\kernel\SelectResultObjectProvider.java,156,0,no
1,openjpa-jdbc\src\main\java\org\apache\openjpa\jdbc\kernel\SQLProjectionResultObjectProvider.java,128,0,no
1,openjpa-jdbc\src\main\java\org\apache\openjpa\jdbc\kernel\SQLStoreQuery.java,257,0,no
1,openjpa-jdbc\src\main\java\org\apache\openjpa\jdbc\kernel\TableJDBCSeq.java,625,0,no
1,openjpa-jdbc\src\main\java\org\apache\openjpa\jdbc\kernel\UpdateManager.java,40,0,no
1,openjpa-jdbc\src\main\java\org\apache\openjpa\jdbc\kernel\ValueTableJDBCSeq.java,200,0,no
1,openjpa-jdbc\src\main\java\org\apache\openjpa\jdbc\meta\ClassMapping.java,957,0,no
1,openjpa-jdbc\src\main\java\org\apache\openjpa\jdbc\meta\ClassMappingInfo.java,341,0,no
1,openjpa-jdbc\src\main\java\org\apache\openjpa\jdbc\meta\ClassStrategy.java,112,0,no
1,openjpa-jdbc\src\main\java\org\apache\openjpa\jdbc\meta\DelegatingJoinable.java,125,0,no
1,openjpa-jdbc\src\main\java\org\apache\openjpa\jdbc\meta\Discriminator.java,411,0,no
1,openjpa-jdbc\src\main\java\org\apache\openjpa\jdbc\meta\DiscriminatorMappingInfo.java,173,0,no
1,openjpa-jdbc\src\main\java\org\apache\openjpa\jdbc\meta\DiscriminatorStrategy.java,69,0,no
1,openjpa-jdbc\src\main\java\org\apache\openjpa\jdbc\meta\Embeddable.java,82,0,no
1,openjpa-jdbc\src\main\java\org\apache\openjpa\jdbc\meta\FieldMapping.java,1010,0,no
1,openjpa-jdbc\src\main\java\org\apache\openjpa\jdbc\meta\FieldMappingInfo.java,329,0,no
1,openjpa-jdbc\src\main\java\org\apache\openjpa\jdbc\meta\FieldStrategy.java,244,0,no
1,openjpa-jdbc\src\main\java\org\apache\openjpa\jdbc\meta\JavaSQLTypes.java,161,0,no
1,openjpa-jdbc\src\main\java\org\apache\openjpa\jdbc\meta\JDBCColumnOrder.java,84,0,no
1,openjpa-jdbc\src\main\java\org\apache\openjpa\jdbc\meta\JDBCOrder.java,43,0,no
1,openjpa-jdbc\src\main\java\org\apache\openjpa\jdbc\meta\JDBCRelatedFieldOrder.java,69,0,no
1,openjpa-jdbc\src\main\java\org\apache\openjpa\jdbc\meta\JDBCValueOrder.java,64,0,no
1,openjpa-jdbc\src\main\java\org\apache\openjpa\jdbc\meta\Joinable.java,86,0,no
1,openjpa-jdbc\src\main\java\org\apache\openjpa\jdbc\meta\MappingDefaults.java,304,0,no
1,openjpa-jdbc\src\main\java\org\apache\openjpa\jdbc\meta\MappingDefaultsImpl.java,703,0,no
1,openjpa-jdbc\src\main\java\org\apache\openjpa\jdbc\meta\MappingInfo.java,1749,0,no
1,openjpa-jdbc\src\main\java\org\apache\openjpa\jdbc\meta\MappingRepository.java,1179,0,no
1,openjpa-jdbc\src\main\java\org\apache\openjpa\jdbc\meta\MappingStrategyInstaller.java,68,0,no
1,openjpa-jdbc\src\main\java\org\apache\openjpa\jdbc\meta\MappingTool.java,1122,0,no
1,openjpa-jdbc\src\main\java\org\apache\openjpa\jdbc\meta\MetaDataPlusMappingFactory.java,139,0,no
1,openjpa-jdbc\src\main\java\org\apache\openjpa\jdbc\meta\NoneMappingDefaults.java,163,0,no
1,openjpa-jdbc\src\main\java\org\apache\openjpa\jdbc\meta\NoneStrategyInstaller.java,60,0,no
1,openjpa-jdbc\src\main\java\org\apache\openjpa\jdbc\meta\PropertiesReverseCustomizer.java,231,0,no
1,openjpa-jdbc\src\main\java\org\apache\openjpa\jdbc\meta\QueryResultMapping.java,606,0,no
1,openjpa-jdbc\src\main\java\org\apache\openjpa\jdbc\meta\RefreshStrategyInstaller.java,135,0,no
1,openjpa-jdbc\src\main\java\org\apache\openjpa\jdbc\meta\RelationId.java,35,0,no
1,openjpa-jdbc\src\main\java\org\apache\openjpa\jdbc\meta\ReverseCustomizer.java,160,0,no
1,openjpa-jdbc\src\main\java\org\apache\openjpa\jdbc\meta\ReverseMappingTool.java,2053,0,no
1,openjpa-jdbc\src\main\java\org\apache\openjpa\jdbc\meta\RuntimeStrategyInstaller.java,93,0,no
1,openjpa-jdbc\src\main\java\org\apache\openjpa\jdbc\meta\SequenceMapping.java,149,0,no
1,openjpa-jdbc\src\main\java\org\apache\openjpa\jdbc\meta\Strategy.java,131,0,no
1,openjpa-jdbc\src\main\java\org\apache\openjpa\jdbc\meta\StrategyInstaller.java,67,0,no
1,openjpa-jdbc\src\main\java\org\apache\openjpa\jdbc\meta\strats\AbstractClassStrategy.java,79,0,no
1,openjpa-jdbc\src\main\java\org\apache\openjpa\jdbc\meta\strats\AbstractDiscriminatorStrategy.java,89,0,no
1,openjpa-jdbc\src\main\java\org\apache\openjpa\jdbc\meta\strats\AbstractFieldStrategy.java,173,0,no
1,openjpa-jdbc\src\main\java\org\apache\openjpa\jdbc\meta\strats\AbstractStrategy.java,78,0,no
1,openjpa-jdbc\src\main\java\org\apache\openjpa\jdbc\meta\strats\AbstractValueHandler.java,58,0,no
1,openjpa-jdbc\src\main\java\org\apache\openjpa\jdbc\meta\strats\AbstractVersionStrategy.java,67,0,no
1,openjpa-jdbc\src\main\java\org\apache\openjpa\jdbc\meta\strats\BlobValueHandler.java,48,0,no
1,openjpa-jdbc\src\main\java\org\apache\openjpa\jdbc\meta\strats\ByteArrayValueHandler.java,59,0,no
1,openjpa-jdbc\src\main\java\org\apache\openjpa\jdbc\meta\strats\CharArrayStreamValueHandler.java,80,0,no
1,openjpa-jdbc\src\main\java\org\apache\openjpa\jdbc\meta\strats\CharArrayValueHandler.java,63,0,no
1,openjpa-jdbc\src\main\java\org\apache\openjpa\jdbc\meta\strats\ClassNameDiscriminatorStrategy.java,123,0,no
1,openjpa-jdbc\src\main\java\org\apache\openjpa\jdbc\meta\strats\ClobValueHandler.java,48,0,no
1,openjpa-jdbc\src\main\java\org\apache\openjpa\jdbc\meta\strats\ColumnVersionStrategy.java,262,0,no
1,openjpa-jdbc\src\main\java\org\apache\openjpa\jdbc\meta\strats\ContainerFieldStrategy.java,130,0,no
1,openjpa-jdbc\src\main\java\org\apache\openjpa\jdbc\meta\strats\EmbeddedClassStrategy.java,92,0,no
1,openjpa-jdbc\src\main\java\org\apache\openjpa\jdbc\meta\strats\EmbedFieldStrategy.java,1571,0,no
1,openjpa-jdbc\src\main\java\org\apache\openjpa\jdbc\meta\strats\EmbedValueHandler.java,169,0,no
1,openjpa-jdbc\src\main\java\org\apache\openjpa\jdbc\meta\strats\FlatClassStrategy.java,65,0,no
1,openjpa-jdbc\src\main\java\org\apache\openjpa\jdbc\meta\strats\FullClassStrategy.java,133,0,no
1,openjpa-jdbc\src\main\java\org\apache\openjpa\jdbc\meta\strats\HandlerFieldStrategy.java,399,0,no
1,openjpa-jdbc\src\main\java\org\apache\openjpa\jdbc\meta\strats\HandlerHandlerMapTableFieldStrategy.java,254,0,no
1,openjpa-jdbc\src\main\java\org\apache\openjpa\jdbc\meta\strats\HandlerStrategies.java,257,0,no
1,openjpa-jdbc\src\main\java\org\apache\openjpa\jdbc\meta\strats\IdentityJoinable.java,83,0,no
1,openjpa-jdbc\src\main\java\org\apache\openjpa\jdbc\meta\strats\ImmutableValueHandler.java,95,0,no
1,openjpa-jdbc\src\main\java\org\apache\openjpa\jdbc\meta\strats\InValueDiscriminatorStrategy.java,145,0,no
1,openjpa-jdbc\src\main\java\org\apache\openjpa\jdbc\meta\strats\LRSCollectionFieldStrategy.java,96,0,no
1,openjpa-jdbc\src\main\java\org\apache\openjpa\jdbc\meta\strats\LRSMapFieldStrategy.java,149,0,no
1,openjpa-jdbc\src\main\java\org\apache\openjpa\jdbc\meta\strats\LRSProxyCollection.java,231,0,no
1,openjpa-jdbc\src\main\java\org\apache\openjpa\jdbc\meta\strats\LRSProxyMap.java,422,0,no
1,openjpa-jdbc\src\main\java\org\apache\openjpa\jdbc\meta\strats\MapTableFieldStrategy.java,174,0,no
1,openjpa-jdbc\src\main\java\org\apache\openjpa\jdbc\meta\strats\MaxEmbeddedBlobFieldStrategy.java,104,0,no
1,openjpa-jdbc\src\main\java\org\apache\openjpa\jdbc\meta\strats\MaxEmbeddedByteArrayFieldStrategy.java,93,0,no
1,openjpa-jdbc\src\main\java\org\apache\openjpa\jdbc\meta\strats\MaxEmbeddedCharArrayFieldStrategy.java,110,0,no
1,openjpa-jdbc\src\main\java\org\apache\openjpa\jdbc\meta\strats\MaxEmbeddedClobFieldStrategy.java,80,0,no
1,openjpa-jdbc\src\main\java\org\apache\openjpa\jdbc\meta\strats\MaxEmbeddedLobFieldStrategy.java,258,0,no
1,openjpa-jdbc\src\main\java\org\apache\openjpa\jdbc\meta\strats\NoneClassStrategy.java,86,0,no
1,openjpa-jdbc\src\main\java\org\apache\openjpa\jdbc\meta\strats\NoneDiscriminatorStrategy.java,55,0,no
1,openjpa-jdbc\src\main\java\org\apache\openjpa\jdbc\meta\strats\NoneFieldStrategy.java,51,0,no
1,openjpa-jdbc\src\main\java\org\apache\openjpa\jdbc\meta\strats\NoneVersionStrategy.java,52,0,no
1,openjpa-jdbc\src\main\java\org\apache\openjpa\jdbc\meta\strats\NumberVersionStrategy.java,60,0,no
1,openjpa-jdbc\src\main\java\org\apache\openjpa\jdbc\meta\strats\ObjectIdClassStrategy.java,46,0,no
1,openjpa-jdbc\src\main\java\org\apache\openjpa\jdbc\meta\strats\ObjectIdValueHandler.java,81,0,no
1,openjpa-jdbc\src\main\java\org\apache\openjpa\jdbc\meta\strats\PrimitiveFieldStrategy.java,399,0,no
1,openjpa-jdbc\src\main\java\org\apache\openjpa\jdbc\meta\strats\PrimitiveWrapperArrays.java,85,0,no
1,openjpa-jdbc\src\main\java\org\apache\openjpa\jdbc\meta\strats\RelationCollectionInverseKeyFieldStrategy.java,94,0,no
1,openjpa-jdbc\src\main\java\org\apache\openjpa\jdbc\meta\strats\RelationCollectionTableFieldStrategy.java,93,0,no
1,openjpa-jdbc\src\main\java\org\apache\openjpa\jdbc\meta\strats\RelationFieldStrategy.java,730,0,no
1,openjpa-jdbc\src\main\java\org\apache\openjpa\jdbc\meta\strats\RelationMapInverseKeyFieldStrategy.java,167,0,no
1,openjpa-jdbc\src\main\java\org\apache\openjpa\jdbc\meta\strats\RelationMapTableFieldStrategy.java,167,0,no
1,openjpa-jdbc\src\main\java\org\apache\openjpa\jdbc\meta\strats\RelationStrategies.java,207,0,no
1,openjpa-jdbc\src\main\java\org\apache\openjpa\jdbc\meta\strats\RelationToManyInverseKeyFieldStrategy.java,311,0,no
1,openjpa-jdbc\src\main\java\org\apache\openjpa\jdbc\meta\strats\RelationToManyTableFieldStrategy.java,267,0,no
1,openjpa-jdbc\src\main\java\org\apache\openjpa\jdbc\meta\strats\StateComparisonVersionStrategy.java,321,0,no
1,openjpa-jdbc\src\main\java\org\apache\openjpa\jdbc\meta\strats\StoreCollectionFieldStrategy.java,518,0,no
1,openjpa-jdbc\src\main\java\org\apache\openjpa\jdbc\meta\strats\StringFieldStrategy.java,256,0,no
1,openjpa-jdbc\src\main\java\org\apache\openjpa\jdbc\meta\strats\SubclassJoinDiscriminatorStrategy.java,162,0,no
1,openjpa-jdbc\src\main\java\org\apache\openjpa\jdbc\meta\strats\SuperclassDiscriminatorStrategy.java,61,0,no
1,openjpa-jdbc\src\main\java\org\apache\openjpa\jdbc\meta\strats\SuperclassVersionStrategy.java,48,0,no
1,openjpa-jdbc\src\main\java\org\apache\openjpa\jdbc\meta\strats\TimestampVersionStrategy.java,43,0,no
1,openjpa-jdbc\src\main\java\org\apache\openjpa\jdbc\meta\strats\UntypedPCValueHandler.java,119,0,no
1,openjpa-jdbc\src\main\java\org\apache\openjpa\jdbc\meta\strats\ValueMapDiscriminatorStrategy.java,129,0,no
1,openjpa-jdbc\src\main\java\org\apache\openjpa\jdbc\meta\strats\VerticalClassStrategy.java,151,0,no
1,openjpa-jdbc\src\main\java\org\apache\openjpa\jdbc\meta\ValueHandler.java,99,0,no
1,openjpa-jdbc\src\main\java\org\apache\openjpa\jdbc\meta\ValueMapping.java,265,0,no
1,openjpa-jdbc\src\main\java\org\apache\openjpa\jdbc\meta\ValueMappingImpl.java,534,0,no
1,openjpa-jdbc\src\main\java\org\apache\openjpa\jdbc\meta\ValueMappingInfo.java,318,0,no
1,openjpa-jdbc\src\main\java\org\apache\openjpa\jdbc\meta\Version.java,365,0,no
1,openjpa-jdbc\src\main\java\org\apache\openjpa\jdbc\meta\VersionMappingInfo.java,86,0,no
1,openjpa-jdbc\src\main\java\org\apache\openjpa\jdbc\meta\VersionStrategy.java,74,0,no
1,openjpa-jdbc\src\main\java\org\apache\openjpa\jdbc\schema\Column.java,707,0,no
1,openjpa-jdbc\src\main\java\org\apache\openjpa\jdbc\schema\ColumnIO.java,287,0,no
1,openjpa-jdbc\src\main\java\org\apache\openjpa\jdbc\schema\Constraint.java,185,0,no
1,openjpa-jdbc\src\main\java\org\apache\openjpa\jdbc\schema\DataSourceFactory.java,278,0,no
1,openjpa-jdbc\src\main\java\org\apache\openjpa\jdbc\schema\DriverDataSource.java,64,0,no
1,openjpa-jdbc\src\main\java\org\apache\openjpa\jdbc\schema\DynamicSchemaFactory.java,143,0,no
1,openjpa-jdbc\src\main\java\org\apache\openjpa\jdbc\schema\FileSchemaFactory.java,100,0,no
1,openjpa-jdbc\src\main\java\org\apache\openjpa\jdbc\schema\ForeignKey.java,684,0,no
1,openjpa-jdbc\src\main\java\org\apache\openjpa\jdbc\schema\Index.java,82,0,no
1,openjpa-jdbc\src\main\java\org\apache\openjpa\jdbc\schema\LazySchemaFactory.java,190,0,no
1,openjpa-jdbc\src\main\java\org\apache\openjpa\jdbc\schema\LocalConstraint.java,184,0,no
1,openjpa-jdbc\src\main\java\org\apache\openjpa\jdbc\schema\NameSet.java,74,0,no
1,openjpa-jdbc\src\main\java\org\apache\openjpa\jdbc\schema\PrimaryKey.java,82,0,no
1,openjpa-jdbc\src\main\java\org\apache\openjpa\jdbc\schema\ReferenceCounter.java,39,0,no
1,openjpa-jdbc\src\main\java\org\apache\openjpa\jdbc\schema\Schema.java,259,0,no
1,openjpa-jdbc\src\main\java\org\apache\openjpa\jdbc\schema\SchemaFactory.java,39,0,no
1,openjpa-jdbc\src\main\java\org\apache\openjpa\jdbc\schema\SchemaGenerator.java,944,0,no
1,openjpa-jdbc\src\main\java\org\apache\openjpa\jdbc\schema\SchemaGroup.java,400,0,no
1,openjpa-jdbc\src\main\java\org\apache\openjpa\jdbc\schema\SchemaParser.java,62,0,no
1,openjpa-jdbc\src\main\java\org\apache\openjpa\jdbc\schema\Schemas.java,232,0,no
1,openjpa-jdbc\src\main\java\org\apache\openjpa\jdbc\schema\SchemaSerializer.java,78,0,no
1,openjpa-jdbc\src\main\java\org\apache\openjpa\jdbc\schema\SchemaTool.java,1523,0,no
1,openjpa-jdbc\src\main\java\org\apache\openjpa\jdbc\schema\Sequence.java,206,0,no
1,openjpa-jdbc\src\main\java\org\apache\openjpa\jdbc\schema\SimpleDriverDataSource.java,187,0,no
1,openjpa-jdbc\src\main\java\org\apache\openjpa\jdbc\schema\Table.java,689,0,no
1,openjpa-jdbc\src\main\java\org\apache\openjpa\jdbc\schema\TableSchemaFactory.java,493,0,no
1,openjpa-jdbc\src\main\java\org\apache\openjpa\jdbc\schema\Unique.java,53,0,no
1,openjpa-jdbc\src\main\java\org\apache\openjpa\jdbc\schema\XMLSchemaParser.java,602,0,no
1,openjpa-jdbc\src\main\java\org\apache\openjpa\jdbc\schema\XMLSchemaSerializer.java,442,0,no
1,openjpa-jdbc\src\main\java\org\apache\openjpa\jdbc\sql\AbstractDB2Dictionary.java,95,0,no
1,openjpa-jdbc\src\main\java\org\apache\openjpa\jdbc\sql\AbstractResult.java,846,0,no
1,openjpa-jdbc\src\main\java\org\apache\openjpa\jdbc\sql\AbstractSQLServerDictionary.java,151,0,no
1,openjpa-jdbc\src\main\java\org\apache\openjpa\jdbc\sql\AccessDictionary.java,93,0,no
1,openjpa-jdbc\src\main\java\org\apache\openjpa\jdbc\sql\CacheDictionary.java,42,0,no
1,openjpa-jdbc\src\main\java\org\apache\openjpa\jdbc\sql\Calendard.java,35,0,no
1,openjpa-jdbc\src\main\java\org\apache\openjpa\jdbc\sql\DB2Dictionary.java,144,0,no
1,openjpa-jdbc\src\main\java\org\apache\openjpa\jdbc\sql\DBDictionary.java,3729,0,no
1,openjpa-jdbc\src\main\java\org\apache\openjpa\jdbc\sql\DBDictionaryFactory.java,592,0,no
1,openjpa-jdbc\src\main\java\org\apache\openjpa\jdbc\sql\DerbyDictionary.java,93,0,no
1,openjpa-jdbc\src\main\java\org\apache\openjpa\jdbc\sql\EmpressDictionary.java,171,0,no
1,openjpa-jdbc\src\main\java\org\apache\openjpa\jdbc\sql\FirebirdDictionary.java,58,0,no
1,openjpa-jdbc\src\main\java\org\apache\openjpa\jdbc\sql\FoxProDictionary.java,159,0,no
1,openjpa-jdbc\src\main\java\org\apache\openjpa\jdbc\sql\HSQLDictionary.java,310,0,no
1,openjpa-jdbc\src\main\java\org\apache\openjpa\jdbc\sql\InformixDictionary.java,253,0,no
1,openjpa-jdbc\src\main\java\org\apache\openjpa\jdbc\sql\InterbaseDictionary.java,115,0,no
1,openjpa-jdbc\src\main\java\org\apache\openjpa\jdbc\sql\JDataStoreDictionary.java,112,0,no
1,openjpa-jdbc\src\main\java\org\apache\openjpa\jdbc\sql\Join.java,190,0,no
1,openjpa-jdbc\src\main\java\org\apache\openjpa\jdbc\sql\Joins.java,72,0,no
1,openjpa-jdbc\src\main\java\org\apache\openjpa\jdbc\sql\JoinSet.java,403,0,no
1,openjpa-jdbc\src\main\java\org\apache\openjpa\jdbc\sql\JoinSyntaxes.java,39,0,no
1,openjpa-jdbc\src\main\java\org\apache\openjpa\jdbc\sql\LogicalUnion.java,912,0,no
1,openjpa-jdbc\src\main\java\org\apache\openjpa\jdbc\sql\MergedResult.java,533,0,no
1,openjpa-jdbc\src\main\java\org\apache\openjpa\jdbc\sql\MySQLDictionary.java,166,0,no
1,openjpa-jdbc\src\main\java\org\apache\openjpa\jdbc\sql\OracleDictionary.java,1012,0,no
1,openjpa-jdbc\src\main\java\org\apache\openjpa\jdbc\sql\PointbaseDictionary.java,124,0,no
1,openjpa-jdbc\src\main\java\org\apache\openjpa\jdbc\sql\PostgresDictionary.java,376,0,no
1,openjpa-jdbc\src\main\java\org\apache\openjpa\jdbc\sql\PrimaryRow.java,430,0,no
1,openjpa-jdbc\src\main\java\org\apache\openjpa\jdbc\sql\Raw.java,35,0,no
1,openjpa-jdbc\src\main\java\org\apache\openjpa\jdbc\sql\Result.java,572,0,no
1,openjpa-jdbc\src\main\java\org\apache\openjpa\jdbc\sql\ResultSetResult.java,488,0,no
1,openjpa-jdbc\src\main\java\org\apache\openjpa\jdbc\sql\Row.java,520,0,no
1,openjpa-jdbc\src\main\java\org\apache\openjpa\jdbc\sql\RowImpl.java,941,0,no
1,openjpa-jdbc\src\main\java\org\apache\openjpa\jdbc\sql\RowManager.java,71,0,no
1,openjpa-jdbc\src\main\java\org\apache\openjpa\jdbc\sql\RowManagerImpl.java,254,0,no
1,openjpa-jdbc\src\main\java\org\apache\openjpa\jdbc\sql\SecondaryRow.java,184,0,no
1,openjpa-jdbc\src\main\java\org\apache\openjpa\jdbc\sql\Select.java,681,0,no
1,openjpa-jdbc\src\main\java\org\apache\openjpa\jdbc\sql\SelectExecutor.java,122,0,no
1,openjpa-jdbc\src\main\java\org\apache\openjpa\jdbc\sql\SelectImpl.java,2835,0,no
1,openjpa-jdbc\src\main\java\org\apache\openjpa\jdbc\sql\Sized.java,33,0,no
1,openjpa-jdbc\src\main\java\org\apache\openjpa\jdbc\sql\SQLBuffer.java,609,0,no
1,openjpa-jdbc\src\main\java\org\apache\openjpa\jdbc\sql\SQLExceptions.java,112,0,no
1,openjpa-jdbc\src\main\java\org\apache\openjpa\jdbc\sql\SQLFactory.java,43,0,no
1,openjpa-jdbc\src\main\java\org\apache\openjpa\jdbc\sql\SQLFactoryImpl.java,60,0,no
1,openjpa-jdbc\src\main\java\org\apache\openjpa\jdbc\sql\SQLServerDictionary.java,124,0,no
1,openjpa-jdbc\src\main\java\org\apache\openjpa\jdbc\sql\SybaseDictionary.java,298,0,no
1,openjpa-jdbc\src\main\java\org\apache\openjpa\jdbc\sql\Union.java,76,0,no
1,openjpa-jdbc-5\src\main\java\org\apache\openjpa\jdbc\kernel\JDBC3SavepointManager.java,62,0,no
1,openjpa-jdbc-5\src\main\java\org\apache\openjpa\jdbc\meta\strats\EnumValueHandler.java,100,0,no
1,openjpa-kernel\src\main\java\org\apache\openjpa\abstractstore\AbstractStoreBrokerFactory.java,138,0,no
1,openjpa-kernel\src\main\java\org\apache\openjpa\abstractstore\AbstractStoreManager.java,518,0,no
1,openjpa-kernel\src\main\java\org\apache\openjpa\ant\MetaDataToolTask.java,87,0,no
1,openjpa-kernel\src\main\java\org\apache\openjpa\ant\PCEnhancerTask.java,88,0,no
1,openjpa-kernel\src\main\java\org\apache\openjpa\conf\AutoDetachValue.java,71,0,no
1,openjpa-kernel\src\main\java\org\apache\openjpa\conf\BrokerFactoryValue.java,91,0,no
1,openjpa-kernel\src\main\java\org\apache\openjpa\conf\Compatibility.java,139,0,no
1,openjpa-kernel\src\main\java\org\apache\openjpa\conf\DetachOptions.java,157,0,no
1,openjpa-kernel\src\main\java\org\apache\openjpa\conf\OpenJPAConfiguration.java,1364,0,no
1,openjpa-kernel\src\main\java\org\apache\openjpa\conf\OpenJPAConfigurationImpl.java,1433,0,no
1,openjpa-kernel\src\main\java\org\apache\openjpa\conf\OpenJPAVersion.java,140,0,no
1,openjpa-kernel\src\main\java\org\apache\openjpa\conf\ProductDerivation.java,63,0,no
1,openjpa-kernel\src\main\java\org\apache\openjpa\conf\ProductDerivations.java,128,0,no
1,openjpa-kernel\src\main\java\org\apache\openjpa\conf\RemoteCommitProviderValue.java,139,0,no
1,openjpa-kernel\src\main\java\org\apache\openjpa\conf\SeqValue.java,46,0,no
1,openjpa-kernel\src\main\java\org\apache\openjpa\datacache\AbstractDataCache.java,439,0,no
1,openjpa-kernel\src\main\java\org\apache\openjpa\datacache\AbstractQueryCache.java,319,0,no
1,openjpa-kernel\src\main\java\org\apache\openjpa\datacache\Caches.java,55,0,no
1,openjpa-kernel\src\main\java\org\apache\openjpa\datacache\ConcurrentDataCache.java,150,0,no
1,openjpa-kernel\src\main\java\org\apache\openjpa\datacache\ConcurrentQueryCache.java,137,0,no
1,openjpa-kernel\src\main\java\org\apache\openjpa\datacache\DataCache.java,258,0,no
1,openjpa-kernel\src\main\java\org\apache\openjpa\datacache\DataCacheManager.java,74,0,no
1,openjpa-kernel\src\main\java\org\apache\openjpa\datacache\DataCacheManagerImpl.java,87,0,no
1,openjpa-kernel\src\main\java\org\apache\openjpa\datacache\DataCachePCData.java,32,0,no
1,openjpa-kernel\src\main\java\org\apache\openjpa\datacache\DataCachePCDataGenerator.java,232,0,no
1,openjpa-kernel\src\main\java\org\apache\openjpa\datacache\DataCachePCDataImpl.java,145,0,no
1,openjpa-kernel\src\main\java\org\apache\openjpa\datacache\DataCacheScheduler.java,242,0,no
1,openjpa-kernel\src\main\java\org\apache\openjpa\datacache\DataCacheStoreManager.java,593,0,no
1,openjpa-kernel\src\main\java\org\apache\openjpa\datacache\DelegatingDataCache.java,333,0,no
1,openjpa-kernel\src\main\java\org\apache\openjpa\datacache\DelegatingQueryCache.java,216,0,no
1,openjpa-kernel\src\main\java\org\apache\openjpa\datacache\ExpirationEvent.java,62,0,no
1,openjpa-kernel\src\main\java\org\apache\openjpa\datacache\ExpirationListener.java,30,0,no
1,openjpa-kernel\src\main\java\org\apache\openjpa\datacache\QueryCache.java,135,0,no
1,openjpa-kernel\src\main\java\org\apache\openjpa\datacache\QueryCacheStoreQuery.java,672,0,no
1,openjpa-kernel\src\main\java\org\apache\openjpa\datacache\QueryKey.java,465,0,no
1,openjpa-kernel\src\main\java\org\apache\openjpa\datacache\QueryResult.java,64,0,no
1,openjpa-kernel\src\main\java\org\apache\openjpa\datacache\TypesChangedEvent.java,49,0,no
1,openjpa-kernel\src\main\java\org\apache\openjpa\datacache\TypesChangedListener.java,30,0,no
1,openjpa-kernel\src\main\java\org\apache\openjpa\ee\AutomaticManagedRuntime.java,173,0,no
1,openjpa-kernel\src\main\java\org\apache\openjpa\ee\InvocationManagedRuntime.java,79,0,no
1,openjpa-kernel\src\main\java\org\apache\openjpa\ee\JNDIManagedRuntime.java,56,0,no
1,openjpa-kernel\src\main\java\org\apache\openjpa\ee\ManagedRuntime.java,36,0,no
1,openjpa-kernel\src\main\java\org\apache\openjpa\ee\SunOneManagedRuntime.java,46,0,no
1,openjpa-kernel\src\main\java\org\apache\openjpa\ee\WLSManagedRuntime.java,48,0,no
1,openjpa-kernel\src\main\java\org\apache\openjpa\enhance\ApplicationIdTool.java,1455,0,no
1,openjpa-kernel\src\main\java\org\apache\openjpa\enhance\CodeGenerator.java,529,0,no
1,openjpa-kernel\src\main\java\org\apache\openjpa\enhance\DynamicStorage.java,138,0,no
1,openjpa-kernel\src\main\java\org\apache\openjpa\enhance\DynamicStorageGenerator.java,529,0,no
1,openjpa-kernel\src\main\java\org\apache\openjpa\enhance\FieldConsumer.java,72,0,no
1,openjpa-kernel\src\main\java\org\apache\openjpa\enhance\FieldManager.java,24,0,no
1,openjpa-kernel\src\main\java\org\apache\openjpa\enhance\FieldSupplier.java,72,0,no
1,openjpa-kernel\src\main\java\org\apache\openjpa\enhance\PCDataGenerator.java,1067,0,no
1,openjpa-kernel\src\main\java\org\apache\openjpa\enhance\PCEnhancer.java,3525,0,no
1,openjpa-kernel\src\main\java\org\apache\openjpa\enhance\PCRegistry.java,254,0,no
1,openjpa-kernel\src\main\java\org\apache\openjpa\enhance\PersistenceCapable.java,91,0,no
1,openjpa-kernel\src\main\java\org\apache\openjpa\enhance\StateManager.java,281,0,no
1,openjpa-kernel\src\main\java\org\apache\openjpa\event\AbstractLifecycleListener.java,81,0,no
1,openjpa-kernel\src\main\java\org\apache\openjpa\event\AbstractRemoteCommitProvider.java,67,0,no
1,openjpa-kernel\src\main\java\org\apache\openjpa\event\AbstractTransactionListener.java,70,0,no
1,openjpa-kernel\src\main\java\org\apache\openjpa\event\AttachListener.java,34,0,no
1,openjpa-kernel\src\main\java\org\apache\openjpa\event\BeanLifecycleCallbacks.java,69,0,no
1,openjpa-kernel\src\main\java\org\apache\openjpa\event\BeginTransactionListener.java,33,0,no
1,openjpa-kernel\src\main\java\org\apache\openjpa\event\CallbackModes.java,50,0,no
1,openjpa-kernel\src\main\java\org\apache\openjpa\event\ClearListener.java,35,0,no
1,openjpa-kernel\src\main\java\org\apache\openjpa\event\DeleteListener.java,35,0,no
1,openjpa-kernel\src\main\java\org\apache\openjpa\event\DetachListener.java,34,0,no
1,openjpa-kernel\src\main\java\org\apache\openjpa\event\DirtyListener.java,45,0,no
1,openjpa-kernel\src\main\java\org\apache\openjpa\event\EndTransactionListener.java,70,0,no
1,openjpa-kernel\src\main\java\org\apache\openjpa\event\ExceptionOrphanedKeyAction.java,39,0,no
1,openjpa-kernel\src\main\java\org\apache\openjpa\event\FlushTransactionListener.java,40,0,no
1,openjpa-kernel\src\main\java\org\apache\openjpa\event\JMSRemoteCommitProvider.java,271,0,no
1,openjpa-kernel\src\main\java\org\apache\openjpa\event\LifecycleCallbacks.java,36,0,no
1,openjpa-kernel\src\main\java\org\apache\openjpa\event\LifecycleEvent.java,185,0,no
1,openjpa-kernel\src\main\java\org\apache\openjpa\event\LifecycleEventManager.java,583,0,no
1,openjpa-kernel\src\main\java\org\apache\openjpa\event\LifecycleListener.java,28,0,no
1,openjpa-kernel\src\main\java\org\apache\openjpa\event\LoadListener.java,35,0,no
1,openjpa-kernel\src\main\java\org\apache\openjpa\event\LogOrphanedKeyAction.java,104,0,no
1,openjpa-kernel\src\main\java\org\apache\openjpa\event\MethodLifecycleCallbacks.java,110,0,no
1,openjpa-kernel\src\main\java\org\apache\openjpa\event\NoneOrphanedKeyAction.java,34,0,no
1,openjpa-kernel\src\main\java\org\apache\openjpa\event\OrphanedKeyAction.java,40,0,no
1,openjpa-kernel\src\main\java\org\apache\openjpa\event\PersistListener.java,34,0,no
1,openjpa-kernel\src\main\java\org\apache\openjpa\event\RemoteCommitEvent.java,183,0,no
1,openjpa-kernel\src\main\java\org\apache\openjpa\event\RemoteCommitEventManager.java,221,0,no
1,openjpa-kernel\src\main\java\org\apache\openjpa\event\RemoteCommitListener.java,57,0,no
1,openjpa-kernel\src\main\java\org\apache\openjpa\event\RemoteCommitProvider.java,59,0,no
1,openjpa-kernel\src\main\java\org\apache\openjpa\event\SingleJVMRemoteCommitProvider.java,61,0,no
1,openjpa-kernel\src\main\java\org\apache\openjpa\event\StoreListener.java,35,0,no
1,openjpa-kernel\src\main\java\org\apache\openjpa\event\TCPRemoteCommitProvider.java,888,0,no
1,openjpa-kernel\src\main\java\org\apache\openjpa\event\TransactionEvent.java,153,0,no
1,openjpa-kernel\src\main\java\org\apache\openjpa\event\TransactionEventManager.java,126,0,no
1,openjpa-kernel\src\main\java\org\apache\openjpa\event\TransactionListener.java,29,0,no
1,openjpa-kernel\src\main\java\org\apache\openjpa\kernel\AbstractBrokerFactory.java,653,0,no
1,openjpa-kernel\src\main\java\org\apache\openjpa\kernel\AbstractFieldManager.java,109,0,no
1,openjpa-kernel\src\main\java\org\apache\openjpa\kernel\AbstractLockManager.java,80,0,no
1,openjpa-kernel\src\main\java\org\apache\openjpa\kernel\AbstractPCData.java,315,0,no
1,openjpa-kernel\src\main\java\org\apache\openjpa\kernel\AbstractPCResultObjectProvider.java,169,0,no
1,openjpa-kernel\src\main\java\org\apache\openjpa\kernel\AbstractStoreQuery.java,196,0,no
1,openjpa-kernel\src\main\java\org\apache\openjpa\kernel\AttachManager.java,330,0,no
1,openjpa-kernel\src\main\java\org\apache\openjpa\kernel\AttachStrategy.java,501,0,no
1,openjpa-kernel\src\main\java\org\apache\openjpa\kernel\AutoClear.java,35,0,no
1,openjpa-kernel\src\main\java\org\apache\openjpa\kernel\AutoDetach.java,38,0,no
1,openjpa-kernel\src\main\java\org\apache\openjpa\kernel\Bootstrap.java,136,0,no
1,openjpa-kernel\src\main\java\org\apache\openjpa\kernel\Broker.java,656,0,no
1,openjpa-kernel\src\main\java\org\apache\openjpa\kernel\BrokerFactory.java,101,0,no
1,openjpa-kernel\src\main\java\org\apache\openjpa\kernel\BrokerImpl.java,4793,0,no
1,openjpa-kernel\src\main\java\org\apache\openjpa\kernel\ClearFieldManager.java,75,0,no
1,openjpa-kernel\src\main\java\org\apache\openjpa\kernel\ConnectionRetainModes.java,42,0,no
1,openjpa-kernel\src\main\java\org\apache\openjpa\kernel\DelegatingBroker.java,1345,0,no
1,openjpa-kernel\src\main\java\org\apache\openjpa\kernel\DelegatingBrokerFactory.java,193,0,no
1,openjpa-kernel\src\main\java\org\apache\openjpa\kernel\DelegatingExtent.java,182,0,no
1,openjpa-kernel\src\main\java\org\apache\openjpa\kernel\DelegatingFetchConfiguration.java,470,0,no
1,openjpa-kernel\src\main\java\org\apache\openjpa\kernel\DelegatingQuery.java,654,0,no
1,openjpa-kernel\src\main\java\org\apache\openjpa\kernel\DelegatingResultList.java,435,0,no
1,openjpa-kernel\src\main\java\org\apache\openjpa\kernel\DelegatingSeq.java,131,0,no
1,openjpa-kernel\src\main\java\org\apache\openjpa\kernel\DelegatingStoreManager.java,199,0,no
1,openjpa-kernel\src\main\java\org\apache\openjpa\kernel\DetachedStateAttachStrategy.java,186,0,no
1,openjpa-kernel\src\main\java\org\apache\openjpa\kernel\DetachedStateManager.java,917,0,no
1,openjpa-kernel\src\main\java\org\apache\openjpa\kernel\DetachedValueStateManager.java,591,0,no
1,openjpa-kernel\src\main\java\org\apache\openjpa\kernel\DetachManager.java,811,0,no
1,openjpa-kernel\src\main\java\org\apache\openjpa\kernel\DetachState.java,40,0,no
1,openjpa-kernel\src\main\java\org\apache\openjpa\kernel\ECleanState.java,83,0,no
1,openjpa-kernel\src\main\java\org\apache\openjpa\kernel\ECopyState.java,80,0,no
1,openjpa-kernel\src\main\java\org\apache\openjpa\kernel\EDeletedState.java,71,0,no
1,openjpa-kernel\src\main\java\org\apache\openjpa\kernel\EDirtyState.java,87,0,no
1,openjpa-kernel\src\main\java\org\apache\openjpa\kernel\ENonTransState.java,76,0,no
1,openjpa-kernel\src\main\java\org\apache\openjpa\kernel\ExpressionStoreQuery.java,740,0,no
1,openjpa-kernel\src\main\java\org\apache\openjpa\kernel\exps\Abs.java,67,0,no
1,openjpa-kernel\src\main\java\org\apache\openjpa\kernel\exps\AbstractExpressionBuilder.java,483,0,no
1,openjpa-kernel\src\main\java\org\apache\openjpa\kernel\exps\AbstractExpressionVisitor.java,24,0,no
1,openjpa-kernel\src\main\java\org\apache\openjpa\kernel\exps\Add.java,38,0,no
1,openjpa-kernel\src\main\java\org\apache\openjpa\kernel\exps\Aggregate.java,94,0,no
1,openjpa-kernel\src\main\java\org\apache\openjpa\kernel\exps\AggregateListener.java,69,0,no
1,openjpa-kernel\src\main\java\org\apache\openjpa\kernel\exps\AggregateVal.java,90,0,no
1,openjpa-kernel\src\main\java\org\apache\openjpa\kernel\exps\All.java,56,0,no
1,openjpa-kernel\src\main\java\org\apache\openjpa\kernel\exps\AndExpression.java,68,0,no
1,openjpa-kernel\src\main\java\org\apache\openjpa\kernel\exps\Any.java,55,0,no
1,openjpa-kernel\src\main\java\org\apache\openjpa\kernel\exps\Args.java,80,0,no
1,openjpa-kernel\src\main\java\org\apache\openjpa\kernel\exps\Arguments.java,30,0,no
1,openjpa-kernel\src\main\java\org\apache\openjpa\kernel\exps\Avg.java,62,0,no
1,openjpa-kernel\src\main\java\org\apache\openjpa\kernel\exps\BindKeyVariableExpression.java,44,0,no
1,openjpa-kernel\src\main\java\org\apache\openjpa\kernel\exps\BindValueVariableExpression.java,44,0,no
1,openjpa-kernel\src\main\java\org\apache\openjpa\kernel\exps\BindVariableAndExpression.java,76,0,no
1,openjpa-kernel\src\main\java\org\apache\openjpa\kernel\exps\BindVariableExpression.java,90,0,no
1,openjpa-kernel\src\main\java\org\apache\openjpa\kernel\exps\BoundVariable.java,82,0,no
1,openjpa-kernel\src\main\java\org\apache\openjpa\kernel\exps\CandidatePath.java,184,0,no
1,openjpa-kernel\src\main\java\org\apache\openjpa\kernel\exps\Cast.java,73,0,no
1,openjpa-kernel\src\main\java\org\apache\openjpa\kernel\exps\CompareExpression.java,82,0,no
1,openjpa-kernel\src\main\java\org\apache\openjpa\kernel\exps\Concat.java,69,0,no
1,openjpa-kernel\src\main\java\org\apache\openjpa\kernel\exps\Constant.java,31,0,no
1,openjpa-kernel\src\main\java\org\apache\openjpa\kernel\exps\ContainsExpression.java,81,0,no
1,openjpa-kernel\src\main\java\org\apache\openjpa\kernel\exps\ContainsKeyExpression.java,43,0,no
1,openjpa-kernel\src\main\java\org\apache\openjpa\kernel\exps\ContainsValueExpression.java,43,0,no
1,openjpa-kernel\src\main\java\org\apache\openjpa\kernel\exps\Count.java,49,0,no
1,openjpa-kernel\src\main\java\org\apache\openjpa\kernel\exps\CurrentDate.java,41,0,no
1,openjpa-kernel\src\main\java\org\apache\openjpa\kernel\exps\Distinct.java,69,0,no
1,openjpa-kernel\src\main\java\org\apache\openjpa\kernel\exps\Divide.java,39,0,no
1,openjpa-kernel\src\main\java\org\apache\openjpa\kernel\exps\EndsWithExpression.java,38,0,no
1,openjpa-kernel\src\main\java\org\apache\openjpa\kernel\exps\EqualExpression.java,38,0,no
1,openjpa-kernel\src\main\java\org\apache\openjpa\kernel\exps\Exp.java,79,0,no
1,openjpa-kernel\src\main\java\org\apache\openjpa\kernel\exps\Expression.java,30,0,no
1,openjpa-kernel\src\main\java\org\apache\openjpa\kernel\exps\ExpressionFactory.java,406,0,no
1,openjpa-kernel\src\main\java\org\apache\openjpa\kernel\exps\ExpressionParser.java,61,0,no
1,openjpa-kernel\src\main\java\org\apache\openjpa\kernel\exps\ExpressionVisitor.java,31,0,no
1,openjpa-kernel\src\main\java\org\apache\openjpa\kernel\exps\Extension.java,90,0,no
1,openjpa-kernel\src\main\java\org\apache\openjpa\kernel\exps\FilterListener.java,86,0,no
1,openjpa-kernel\src\main\java\org\apache\openjpa\kernel\exps\GetMapValue.java,57,0,no
1,openjpa-kernel\src\main\java\org\apache\openjpa\kernel\exps\GetObjectId.java,54,0,no
1,openjpa-kernel\src\main\java\org\apache\openjpa\kernel\exps\GreaterThanEqualExpression.java,39,0,no
1,openjpa-kernel\src\main\java\org\apache\openjpa\kernel\exps\GreaterThanExpression.java,39,0,no
1,openjpa-kernel\src\main\java\org\apache\openjpa\kernel\exps\IndexOf.java,68,0,no
1,openjpa-kernel\src\main\java\org\apache\openjpa\kernel\exps\InMemoryExpressionFactory.java,725,0,no
1,openjpa-kernel\src\main\java\org\apache\openjpa\kernel\exps\InstanceofExpression.java,66,0,no
1,openjpa-kernel\src\main\java\org\apache\openjpa\kernel\exps\IsEmptyExpression.java,73,0,no
1,openjpa-kernel\src\main\java\org\apache\openjpa\kernel\exps\LessThanEqualExpression.java,39,0,no
1,openjpa-kernel\src\main\java\org\apache\openjpa\kernel\exps\LessThanExpression.java,39,0,no
1,openjpa-kernel\src\main\java\org\apache\openjpa\kernel\exps\Lit.java,69,0,no
1,openjpa-kernel\src\main\java\org\apache\openjpa\kernel\exps\Literal.java,48,0,no
1,openjpa-kernel\src\main\java\org\apache\openjpa\kernel\exps\MatchesExpression.java,72,0,no
1,openjpa-kernel\src\main\java\org\apache\openjpa\kernel\exps\MathVal.java,68,0,no
1,openjpa-kernel\src\main\java\org\apache\openjpa\kernel\exps\Max.java,50,0,no
1,openjpa-kernel\src\main\java\org\apache\openjpa\kernel\exps\Min.java,50,0,no
1,openjpa-kernel\src\main\java\org\apache\openjpa\kernel\exps\Mod.java,39,0,no
1,openjpa-kernel\src\main\java\org\apache\openjpa\kernel\exps\Multiply.java,39,0,no
1,openjpa-kernel\src\main\java\org\apache\openjpa\kernel\exps\NotEqualExpression.java,38,0,no
1,openjpa-kernel\src\main\java\org\apache\openjpa\kernel\exps\NotExpression.java,55,0,no
1,openjpa-kernel\src\main\java\org\apache\openjpa\kernel\exps\Null.java,39,0,no
1,openjpa-kernel\src\main\java\org\apache\openjpa\kernel\exps\OrExpression.java,60,0,no
1,openjpa-kernel\src\main\java\org\apache\openjpa\kernel\exps\Param.java,66,0,no
1,openjpa-kernel\src\main\java\org\apache\openjpa\kernel\exps\Parameter.java,36,0,no
1,openjpa-kernel\src\main\java\org\apache\openjpa\kernel\exps\Path.java,42,0,no
1,openjpa-kernel\src\main\java\org\apache\openjpa\kernel\exps\QueryExpressions.java,109,0,no
1,openjpa-kernel\src\main\java\org\apache\openjpa\kernel\exps\Resolver.java,51,0,no
1,openjpa-kernel\src\main\java\org\apache\openjpa\kernel\exps\Size.java,46,0,no
1,openjpa-kernel\src\main\java\org\apache\openjpa\kernel\exps\Sqrt.java,40,0,no
1,openjpa-kernel\src\main\java\org\apache\openjpa\kernel\exps\StartsWithExpression.java,38,0,no
1,openjpa-kernel\src\main\java\org\apache\openjpa\kernel\exps\StringContains.java,59,0,no
1,openjpa-kernel\src\main\java\org\apache\openjpa\kernel\exps\StringLength.java,64,0,no
1,openjpa-kernel\src\main\java\org\apache\openjpa\kernel\exps\SubQ.java,61,0,no
1,openjpa-kernel\src\main\java\org\apache\openjpa\kernel\exps\Subquery.java,37,0,no
1,openjpa-kernel\src\main\java\org\apache\openjpa\kernel\exps\Substring.java,65,0,no
1,openjpa-kernel\src\main\java\org\apache\openjpa\kernel\exps\Subtract.java,39,0,no
1,openjpa-kernel\src\main\java\org\apache\openjpa\kernel\exps\Sum.java,62,0,no
1,openjpa-kernel\src\main\java\org\apache\openjpa\kernel\exps\This.java,39,0,no
1,openjpa-kernel\src\main\java\org\apache\openjpa\kernel\exps\ToLowerCase.java,54,0,no
1,openjpa-kernel\src\main\java\org\apache\openjpa\kernel\exps\ToUpperCase.java,55,0,no
1,openjpa-kernel\src\main\java\org\apache\openjpa\kernel\exps\Trim.java,79,0,no
1,openjpa-kernel\src\main\java\org\apache\openjpa\kernel\exps\UnaryMathVal.java,66,0,no
1,openjpa-kernel\src\main\java\org\apache\openjpa\kernel\exps\UnboundVariable.java,66,0,no
1,openjpa-kernel\src\main\java\org\apache\openjpa\kernel\exps\Val.java,114,0,no
1,openjpa-kernel\src\main\java\org\apache\openjpa\kernel\exps\ValExpression.java,57,0,no
1,openjpa-kernel\src\main\java\org\apache\openjpa\kernel\exps\Value.java,65,0,no
1,openjpa-kernel\src\main\java\org\apache\openjpa\kernel\exps\ValuePath.java,54,0,no
1,openjpa-kernel\src\main\java\org\apache\openjpa\kernel\exps\WildcardMatch.java,67,0,no
1,openjpa-kernel\src\main\java\org\apache\openjpa\kernel\Extent.java,88,0,no
1,openjpa-kernel\src\main\java\org\apache\openjpa\kernel\ExtentImpl.java,348,0,no
1,openjpa-kernel\src\main\java\org\apache\openjpa\kernel\FetchConfiguration.java,326,0,no
1,openjpa-kernel\src\main\java\org\apache\openjpa\kernel\FetchConfigurationImpl.java,698,0,no
1,openjpa-kernel\src\main\java\org\apache\openjpa\kernel\Filters.java,895,0,no
1,openjpa-kernel\src\main\java\org\apache\openjpa\kernel\FindCallbacks.java,40,0,no
1,openjpa-kernel\src\main\java\org\apache\openjpa\kernel\HollowState.java,80,0,no
1,openjpa-kernel\src\main\java\org\apache\openjpa\kernel\InMemorySavepointManager.java,62,0,no
1,openjpa-kernel\src\main\java\org\apache\openjpa\kernel\InverseManager.java,406,0,no
1,openjpa-kernel\src\main\java\org\apache\openjpa\kernel\jpql\JPQLExpressionBuilder.java,1654,0,no
1,openjpa-kernel\src\main\java\org\apache\openjpa\kernel\jpql\JPQLParser.java,75,0,no
1,openjpa-kernel\src\main\java\org\apache\openjpa\kernel\jpql\ParseException.java,158,0,no
1,openjpa-kernel\src\main\java\org\apache\openjpa\kernel\jpql\SimpleNode.java,31,0,no
1,openjpa-kernel\src\main\java\org\apache\openjpa\kernel\LocalManagedRuntime.java,202,0,no
1,openjpa-kernel\src\main\java\org\apache\openjpa\kernel\LockLevels.java,40,0,no
1,openjpa-kernel\src\main\java\org\apache\openjpa\kernel\LockManager.java,108,0,no
1,openjpa-kernel\src\main\java\org\apache\openjpa\kernel\MethodStoreQuery.java,259,0,no
1,openjpa-kernel\src\main\java\org\apache\openjpa\kernel\NoneLockManager.java,38,0,no
1,openjpa-kernel\src\main\java\org\apache\openjpa\kernel\ObjectIdStateManager.java,740,0,no
1,openjpa-kernel\src\main\java\org\apache\openjpa\kernel\OpCallbacks.java,52,0,no
1,openjpa-kernel\src\main\java\org\apache\openjpa\kernel\OpenJPASavepoint.java,124,0,no
1,openjpa-kernel\src\main\java\org\apache\openjpa\kernel\OpenJPAStateManager.java,492,0,no
1,openjpa-kernel\src\main\java\org\apache\openjpa\kernel\OrderingMergedResultObjectProvider.java,108,0,no
1,openjpa-kernel\src\main\java\org\apache\openjpa\kernel\PCData.java,104,0,no
1,openjpa-kernel\src\main\java\org\apache\openjpa\kernel\PCDataImpl.java,308,0,no
1,openjpa-kernel\src\main\java\org\apache\openjpa\kernel\PCleanState.java,82,0,no
1,openjpa-kernel\src\main\java\org\apache\openjpa\kernel\PCResultObjectProvider.java,39,0,no
1,openjpa-kernel\src\main\java\org\apache\openjpa\kernel\PCState.java,460,0,no
1,openjpa-kernel\src\main\java\org\apache\openjpa\kernel\PDeletedFlushedState.java,36,0,no
1,openjpa-kernel\src\main\java\org\apache\openjpa\kernel\PDeletedState.java,87,0,no
1,openjpa-kernel\src\main\java\org\apache\openjpa\kernel\PDirtyState.java,87,0,no
1,openjpa-kernel\src\main\java\org\apache\openjpa\kernel\PNewDeletedState.java,89,0,no
1,openjpa-kernel\src\main\java\org\apache\openjpa\kernel\PNewFlushedDeletedFlushedState.java,35,0,no
1,openjpa-kernel\src\main\java\org\apache\openjpa\kernel\PNewFlushedDeletedState.java,91,0,no
1,openjpa-kernel\src\main\java\org\apache\openjpa\kernel\PNewState.java,86,0,no
1,openjpa-kernel\src\main\java\org\apache\openjpa\kernel\PNonTransDeletedState.java,76,0,no
1,openjpa-kernel\src\main\java\org\apache\openjpa\kernel\PNonTransDirtyState.java,66,0,no
1,openjpa-kernel\src\main\java\org\apache\openjpa\kernel\PNonTransNewState.java,60,0,no
1,openjpa-kernel\src\main\java\org\apache\openjpa\kernel\PNonTransState.java,119,0,no
1,openjpa-kernel\src\main\java\org\apache\openjpa\kernel\Query.java,190,0,no
1,openjpa-kernel\src\main\java\org\apache\openjpa\kernel\QueryContext.java,284,0,no
1,openjpa-kernel\src\main\java\org\apache\openjpa\kernel\QueryFlushModes.java,53,0,no
1,openjpa-kernel\src\main\java\org\apache\openjpa\kernel\QueryImpl.java,2191,0,no
1,openjpa-kernel\src\main\java\org\apache\openjpa\kernel\QueryLanguages.java,59,0,no
1,openjpa-kernel\src\main\java\org\apache\openjpa\kernel\QueryOperations.java,48,0,no
1,openjpa-kernel\src\main\java\org\apache\openjpa\kernel\RestoreState.java,40,0,no
1,openjpa-kernel\src\main\java\org\apache\openjpa\kernel\ResultPacker.java,349,0,no
1,openjpa-kernel\src\main\java\org\apache\openjpa\kernel\ROPStoreManager.java,77,0,no
1,openjpa-kernel\src\main\java\org\apache\openjpa\kernel\SaveFieldManager.java,207,0,no
1,openjpa-kernel\src\main\java\org\apache\openjpa\kernel\SavepointFieldManager.java,213,0,no
1,openjpa-kernel\src\main\java\org\apache\openjpa\kernel\SavepointManager.java,36,0,no
1,openjpa-kernel\src\main\java\org\apache\openjpa\kernel\Seq.java,70,0,no
1,openjpa-kernel\src\main\java\org\apache\openjpa\kernel\SingleFieldManager.java,838,0,no
1,openjpa-kernel\src\main\java\org\apache\openjpa\kernel\StateManagerImpl.java,2988,0,no
1,openjpa-kernel\src\main\java\org\apache\openjpa\kernel\StoreContext.java,435,0,no
1,openjpa-kernel\src\main\java\org\apache\openjpa\kernel\StoreManager.java,423,0,no
1,openjpa-kernel\src\main\java\org\apache\openjpa\kernel\StoreQuery.java,317,0,no
1,openjpa-kernel\src\main\java\org\apache\openjpa\kernel\TCleanState.java,60,0,no
1,openjpa-kernel\src\main\java\org\apache\openjpa\kernel\TDirtyState.java,71,0,no
1,openjpa-kernel\src\main\java\org\apache\openjpa\kernel\TimeSeededSeq.java,64,0,no
1,openjpa-kernel\src\main\java\org\apache\openjpa\kernel\TLoadedState.java,37,0,no
1,openjpa-kernel\src\main\java\org\apache\openjpa\kernel\TransferFieldManager.java,135,0,no
1,openjpa-kernel\src\main\java\org\apache\openjpa\kernel\TransientState.java,36,0,no
1,openjpa-kernel\src\main\java\org\apache\openjpa\kernel\UUIDHexSeq.java,63,0,no
1,openjpa-kernel\src\main\java\org\apache\openjpa\kernel\UUIDStringSeq.java,63,0,no
1,openjpa-kernel\src\main\java\org\apache\openjpa\kernel\VersionAttachStrategy.java,330,0,no
1,openjpa-kernel\src\main\java\org\apache\openjpa\kernel\VersionLockManager.java,137,0,no
1,openjpa-kernel\src\main\java\org\apache\openjpa\meta\AbstractCFMetaDataFactory.java,769,0,no
1,openjpa-kernel\src\main\java\org\apache\openjpa\meta\AbstractMetaDataDefaults.java,332,0,no
1,openjpa-kernel\src\main\java\org\apache\openjpa\meta\AbstractMetaDataFactory.java,110,0,no
1,openjpa-kernel\src\main\java\org\apache\openjpa\meta\ClassMetaData.java,2218,0,no
1,openjpa-kernel\src\main\java\org\apache\openjpa\meta\DelegatingMetaDataFactory.java,117,0,no
1,openjpa-kernel\src\main\java\org\apache\openjpa\meta\Extensions.java,460,0,no
1,openjpa-kernel\src\main\java\org\apache\openjpa\meta\FetchGroup.java,345,0,no
1,openjpa-kernel\src\main\java\org\apache\openjpa\meta\FieldMetaData.java,1866,0,no
1,openjpa-kernel\src\main\java\org\apache\openjpa\meta\InheritanceComparator.java,79,0,no
1,openjpa-kernel\src\main\java\org\apache\openjpa\meta\InMemoryRelatedFieldOrder.java,76,0,no
1,openjpa-kernel\src\main\java\org\apache\openjpa\meta\InMemoryValueOrder.java,110,0,no
1,openjpa-kernel\src\main\java\org\apache\openjpa\meta\JavaTypes.java,425,0,no
1,openjpa-kernel\src\main\java\org\apache\openjpa\meta\LifecycleMetaData.java,252,0,no
1,openjpa-kernel\src\main\java\org\apache\openjpa\meta\MetaDataContext.java,29,0,no
1,openjpa-kernel\src\main\java\org\apache\openjpa\meta\MetaDataDefaults.java,64,0,no
1,openjpa-kernel\src\main\java\org\apache\openjpa\meta\MetaDataFactory.java,138,0,no
1,openjpa-kernel\src\main\java\org\apache\openjpa\meta\MetaDataInheritanceComparator.java,31,0,no
1,openjpa-kernel\src\main\java\org\apache\openjpa\meta\MetaDataModes.java,32,0,no
1,openjpa-kernel\src\main\java\org\apache\openjpa\meta\MetaDataRepository.java,1673,0,no
1,openjpa-kernel\src\main\java\org\apache\openjpa\meta\MetaDataTool.java,345,0,no
1,openjpa-kernel\src\main\java\org\apache\openjpa\meta\NoneMetaDataFactory.java,113,0,no
1,openjpa-kernel\src\main\java\org\apache\openjpa\meta\Order.java,47,0,no
1,openjpa-kernel\src\main\java\org\apache\openjpa\meta\PersistenceAwareClass.java,97,0,no
1,openjpa-kernel\src\main\java\org\apache\openjpa\meta\ProxySetupStateManager.java,277,0,no
1,openjpa-kernel\src\main\java\org\apache\openjpa\meta\QueryMetaData.java,262,0,no
1,openjpa-kernel\src\main\java\org\apache\openjpa\meta\SequenceMetaData.java,357,0,no
1,openjpa-kernel\src\main\java\org\apache\openjpa\meta\UpdateStrategies.java,89,0,no
1,openjpa-kernel\src\main\java\org\apache\openjpa\meta\ValueMetaData.java,300,0,no
1,openjpa-kernel\src\main\java\org\apache\openjpa\meta\ValueMetaDataImpl.java,443,0,no
1,openjpa-kernel\src\main\java\org\apache\openjpa\meta\ValueStrategies.java,142,0,no
1,openjpa-kernel\src\main\java\org\apache\openjpa\util\AbstractChangeTracker.java,233,0,no
1,openjpa-kernel\src\main\java\org\apache\openjpa\util\AbstractLRSProxyCollection.java,426,0,no
1,openjpa-kernel\src\main\java\org\apache\openjpa\util\AbstractLRSProxyMap.java,525,0,no
1,openjpa-kernel\src\main\java\org\apache\openjpa\util\ApplicationIds.java,508,0,no
1,openjpa-kernel\src\main\java\org\apache\openjpa\util\ArrayStateImage.java,104,0,no
1,openjpa-kernel\src\main\java\org\apache\openjpa\util\ByteId.java,64,0,no
1,openjpa-kernel\src\main\java\org\apache\openjpa\util\CacheMap.java,636,0,no
1,openjpa-kernel\src\main\java\org\apache\openjpa\util\CallbackException.java,36,0,no
1,openjpa-kernel\src\main\java\org\apache\openjpa\util\ChangeTracker.java,86,0,no
1,openjpa-kernel\src\main\java\org\apache\openjpa\util\CharId.java,64,0,no
1,openjpa-kernel\src\main\java\org\apache\openjpa\util\ClassResolver.java,42,0,no
1,openjpa-kernel\src\main\java\org\apache\openjpa\util\ClassResolverImpl.java,59,0,no
1,openjpa-kernel\src\main\java\org\apache\openjpa\util\CollectionChangeTracker.java,38,0,no
1,openjpa-kernel\src\main\java\org\apache\openjpa\util\CollectionChangeTrackerImpl.java,111,0,no
1,openjpa-kernel\src\main\java\org\apache\openjpa\util\DateId.java,72,0,no
1,openjpa-kernel\src\main\java\org\apache\openjpa\util\ExceptionInfo.java,80,0,no
1,openjpa-kernel\src\main\java\org\apache\openjpa\util\Exceptions.java,246,0,no
1,openjpa-kernel\src\main\java\org\apache\openjpa\util\GeneralException.java,50,0,no
1,openjpa-kernel\src\main\java\org\apache\openjpa\util\Id.java,149,0,no
1,openjpa-kernel\src\main\java\org\apache\openjpa\util\ImplHelper.java,204,0,no
1,openjpa-kernel\src\main\java\org\apache\openjpa\util\InternalException.java,61,0,no
1,openjpa-kernel\src\main\java\org\apache\openjpa\util\IntId.java,66,0,no
1,openjpa-kernel\src\main\java\org\apache\openjpa\util\InvalidStateException.java,42,0,no
1,openjpa-kernel\src\main\java\org\apache\openjpa\util\LockException.java,85,0,no
1,openjpa-kernel\src\main\java\org\apache\openjpa\util\LongId.java,62,0,no
1,openjpa-kernel\src\main\java\org\apache\openjpa\util\LRSProxy.java,27,0,no
1,openjpa-kernel\src\main\java\org\apache\openjpa\util\MapChangeTracker.java,59,0,no
1,openjpa-kernel\src\main\java\org\apache\openjpa\util\MapChangeTrackerImpl.java,131,0,no
1,openjpa-kernel\src\main\java\org\apache\openjpa\util\MetaDataException.java,52,0,no
1,openjpa-kernel\src\main\java\org\apache\openjpa\util\MultiLoaderClassResolver.java,45,0,no
1,openjpa-kernel\src\main\java\org\apache\openjpa\util\NoTransactionException.java,37,0,no
1,openjpa-kernel\src\main\java\org\apache\openjpa\util\ObjectExistsException.java,36,0,no
1,openjpa-kernel\src\main\java\org\apache\openjpa\util\ObjectId.java,62,0,no
1,openjpa-kernel\src\main\java\org\apache\openjpa\util\ObjectNotFoundException.java,52,0,no
1,openjpa-kernel\src\main\java\org\apache\openjpa\util\OpenJPAException.java,199,0,no
1,openjpa-kernel\src\main\java\org\apache\openjpa\util\OpenJPAId.java,119,0,no
1,openjpa-kernel\src\main\java\org\apache\openjpa\util\OptimisticException.java,58,0,no
1,openjpa-kernel\src\main\java\org\apache\openjpa\util\Proxies.java,250,0,no
1,openjpa-kernel\src\main\java\org\apache\openjpa\util\Proxy.java,58,0,no
1,openjpa-kernel\src\main\java\org\apache\openjpa\util\ProxyArrayList.java,192,0,no
1,openjpa-kernel\src\main\java\org\apache\openjpa\util\ProxyCalendar.java,34,0,no
1,openjpa-kernel\src\main\java\org\apache\openjpa\util\ProxyCollection.java,40,0,no
1,openjpa-kernel\src\main\java\org\apache\openjpa\util\ProxyDate.java,31,0,no
1,openjpa-kernel\src\main\java\org\apache\openjpa\util\ProxyGregorianCalendar.java,181,0,no
1,openjpa-kernel\src\main\java\org\apache\openjpa\util\ProxyHashMap.java,154,0,no
1,openjpa-kernel\src\main\java\org\apache\openjpa\util\ProxyHashSet.java,146,0,no
1,openjpa-kernel\src\main\java\org\apache\openjpa\util\ProxyHashtable.java,154,0,no
1,openjpa-kernel\src\main\java\org\apache\openjpa\util\ProxyLinkedList.java,224,0,no
1,openjpa-kernel\src\main\java\org\apache\openjpa\util\ProxyManager.java,119,0,no
1,openjpa-kernel\src\main\java\org\apache\openjpa\util\ProxyManagerImpl.java,295,0,no
1,openjpa-kernel\src\main\java\org\apache\openjpa\util\ProxyMap.java,40,0,no
1,openjpa-kernel\src\main\java\org\apache\openjpa\util\ProxyProperties.java,162,0,no
1,openjpa-kernel\src\main\java\org\apache\openjpa\util\ProxySQLDate.java,113,0,no
1,openjpa-kernel\src\main\java\org\apache\openjpa\util\ProxyTime.java,113,0,no
1,openjpa-kernel\src\main\java\org\apache\openjpa\util\ProxyTimestamp.java,120,0,no
1,openjpa-kernel\src\main\java\org\apache\openjpa\util\ProxyTreeMap.java,169,0,no
1,openjpa-kernel\src\main\java\org\apache\openjpa\util\ProxyTreeSet.java,159,0,no
1,openjpa-kernel\src\main\java\org\apache\openjpa\util\ProxyUtilDate.java,113,0,no
1,openjpa-kernel\src\main\java\org\apache\openjpa\util\ProxyVector.java,246,0,no
1,openjpa-kernel\src\main\java\org\apache\openjpa\util\ReferentialIntegrityException.java,91,0,no
1,openjpa-kernel\src\main\java\org\apache\openjpa\util\RuntimeExceptionTranslator.java,33,0,no
1,openjpa-kernel\src\main\java\org\apache\openjpa\util\Serialization.java,163,0,no
1,openjpa-kernel\src\main\java\org\apache\openjpa\util\ShortId.java,64,0,no
1,openjpa-kernel\src\main\java\org\apache\openjpa\util\StoreException.java,50,0,no
1,openjpa-kernel\src\main\java\org\apache\openjpa\util\StoreFacadeTypeRegistry.java,76,0,no
1,openjpa-kernel\src\main\java\org\apache\openjpa\util\StringId.java,56,0,no
1,openjpa-kernel\src\main\java\org\apache\openjpa\util\UnsupportedException.java,51,0,no
1,openjpa-kernel\src\main\java\org\apache\openjpa\util\UserException.java,60,0,no
1,openjpa-kernel-4\src\main\java\org\apache\openjpa\util\ProxyGregorianCalendar4.java,60,0,no
1,openjpa-kernel-5\src\main\java\org\apache\openjpa\enhance\PCClassFileTransformer.java,193,0,no
1,openjpa-kernel-5\src\main\java\org\apache\openjpa\enhance\PCEnhancerAgent.java,68,0,no
1,openjpa-lib\src\main\java\org\apache\openjpa\lib\ant\AbstractTask.java,194,0,no
1,openjpa-lib\src\main\java\org\apache\openjpa\lib\conf\BooleanValue.java,67,0,no
1,openjpa-lib\src\main\java\org\apache\openjpa\lib\conf\Configurable.java,42,0,no
1,openjpa-lib\src\main\java\org\apache\openjpa\lib\conf\Configuration.java,213,0,no
1,openjpa-lib\src\main\java\org\apache\openjpa\lib\conf\ConfigurationImpl.java,989,0,no
1,openjpa-lib\src\main\java\org\apache\openjpa\lib\conf\ConfigurationProvider.java,81,0,no
1,openjpa-lib\src\main\java\org\apache\openjpa\lib\conf\Configurations.java,670,0,no
1,openjpa-lib\src\main\java\org\apache\openjpa\lib\conf\DoubleValue.java,69,0,no
1,openjpa-lib\src\main\java\org\apache\openjpa\lib\conf\FileValue.java,68,0,no
1,openjpa-lib\src\main\java\org\apache\openjpa\lib\conf\GenericConfigurable.java,38,0,no
1,openjpa-lib\src\main\java\org\apache\openjpa\lib\conf\IntValue.java,69,0,no
1,openjpa-lib\src\main\java\org\apache\openjpa\lib\conf\MapConfigurationProvider.java,104,0,no
1,openjpa-lib\src\main\java\org\apache\openjpa\lib\conf\ObjectValue.java,116,0,no
1,openjpa-lib\src\main\java\org\apache\openjpa\lib\conf\PluginListValue.java,206,0,no
1,openjpa-lib\src\main\java\org\apache\openjpa\lib\conf\PluginValue.java,145,0,no
1,openjpa-lib\src\main\java\org\apache\openjpa\lib\conf\StringListValue.java,70,0,no
1,openjpa-lib\src\main\java\org\apache\openjpa\lib\conf\StringValue.java,66,0,no
1,openjpa-lib\src\main\java\org\apache\openjpa\lib\conf\Value.java,370,0,no
1,openjpa-lib\src\main\java\org\apache\openjpa\lib\conf\ValueListener.java,29,0,no
1,openjpa-lib\src\main\java\org\apache\openjpa\lib\jdbc\AbstractJDBCListener.java,89,0,no
1,openjpa-lib\src\main\java\org\apache\openjpa\lib\jdbc\ConfiguringConnectionDecorator.java,167,0,no
1,openjpa-lib\src\main\java\org\apache\openjpa\lib\jdbc\ConnectionDecorator.java,33,0,no
1,openjpa-lib\src\main\java\org\apache\openjpa\lib\jdbc\DataSourceLogs.java,151,0,no
1,openjpa-lib\src\main\java\org\apache\openjpa\lib\jdbc\DecoratingDataSource.java,100,0,no
1,openjpa-lib\src\main\java\org\apache\openjpa\lib\jdbc\DelegatingCallableStatement.java,791,0,no
1,openjpa-lib\src\main\java\org\apache\openjpa\lib\jdbc\DelegatingConnection.java,586,0,no
1,openjpa-lib\src\main\java\org\apache\openjpa\lib\jdbc\DelegatingDatabaseMetaData.java,770,0,no
1,openjpa-lib\src\main\java\org\apache\openjpa\lib\jdbc\DelegatingDataSource.java,117,0,no
1,openjpa-lib\src\main\java\org\apache\openjpa\lib\jdbc\DelegatingPreparedStatement.java,453,0,no
1,openjpa-lib\src\main\java\org\apache\openjpa\lib\jdbc\DelegatingResultSet.java,668,0,no
1,openjpa-lib\src\main\java\org\apache\openjpa\lib\jdbc\DelegatingStatement.java,269,0,no
1,openjpa-lib\src\main\java\org\apache\openjpa\lib\jdbc\JDBCEvent.java,159,0,no
1,openjpa-lib\src\main\java\org\apache\openjpa\lib\jdbc\JDBCEventConnectionDecorator.java,292,0,no
1,openjpa-lib\src\main\java\org\apache\openjpa\lib\jdbc\JDBCListener.java,87,0,no
1,openjpa-lib\src\main\java\org\apache\openjpa\lib\jdbc\LoggingConnectionDecorator.java,1274,0,no
1,openjpa-lib\src\main\java\org\apache\openjpa\lib\jdbc\ReportingSQLException.java,90,0,no
1,openjpa-lib\src\main\java\org\apache\openjpa\lib\jdbc\SQLFormatter.java,267,0,no
1,openjpa-lib\src\main\java\org\apache\openjpa\lib\log\AbstractLog.java,137,0,no
1,openjpa-lib\src\main\java\org\apache\openjpa\lib\log\CommonsLogFactory.java,112,0,no
1,openjpa-lib\src\main\java\org\apache\openjpa\lib\log\Log.java,127,0,no
1,openjpa-lib\src\main\java\org\apache\openjpa\lib\log\Log4JLogFactory.java,108,0,no
1,openjpa-lib\src\main\java\org\apache\openjpa\lib\log\LogFactory.java,29,0,no
1,openjpa-lib\src\main\java\org\apache\openjpa\lib\log\LogFactoryAdapter.java,48,0,no
1,openjpa-lib\src\main\java\org\apache\openjpa\lib\log\LogFactoryImpl.java,318,0,no
1,openjpa-lib\src\main\java\org\apache\openjpa\lib\log\LogOutputStream.java,87,0,no
1,openjpa-lib\src\main\java\org\apache\openjpa\lib\log\MultiLogFactory.java,190,0,no
1,openjpa-lib\src\main\java\org\apache\openjpa\lib\log\NoneLogFactory.java,92,0,no
1,openjpa-lib\src\main\java\org\apache\openjpa\lib\meta\CFMetaDataParser.java,325,0,no
1,openjpa-lib\src\main\java\org\apache\openjpa\lib\meta\CFMetaDataSerializer.java,100,0,no
1,openjpa-lib\src\main\java\org\apache\openjpa\lib\meta\ClassAnnotationMetaDataFilter.java,182,0,no
1,openjpa-lib\src\main\java\org\apache\openjpa\lib\meta\ClassArgParser.java,614,0,no
1,openjpa-lib\src\main\java\org\apache\openjpa\lib\meta\ClassMetaDataIterator.java,174,0,no
1,openjpa-lib\src\main\java\org\apache\openjpa\lib\meta\ClasspathMetaDataIterator.java,76,0,no
1,openjpa-lib\src\main\java\org\apache\openjpa\lib\meta\FileMetaDataIterator.java,159,0,no
1,openjpa-lib\src\main\java\org\apache\openjpa\lib\meta\MetaDataFilter.java,49,0,no
1,openjpa-lib\src\main\java\org\apache\openjpa\lib\meta\MetaDataIterator.java,57,0,no
1,openjpa-lib\src\main\java\org\apache\openjpa\lib\meta\MetaDataIteratorChain.java,105,0,no
1,openjpa-lib\src\main\java\org\apache\openjpa\lib\meta\MetaDataParser.java,84,0,no
1,openjpa-lib\src\main\java\org\apache\openjpa\lib\meta\MetaDataSerializer.java,71,0,no
1,openjpa-lib\src\main\java\org\apache\openjpa\lib\meta\ResourceMetaDataIterator.java,96,0,no
1,openjpa-lib\src\main\java\org\apache\openjpa\lib\meta\SourceTracker.java,53,0,no
1,openjpa-lib\src\main\java\org\apache\openjpa\lib\meta\SourceTrackers.java,55,0,no
1,openjpa-lib\src\main\java\org\apache\openjpa\lib\meta\SuffixMetaDataFilter.java,39,0,no
1,openjpa-lib\src\main\java\org\apache\openjpa\lib\meta\URLMetaDataIterator.java,74,0,no
1,openjpa-lib\src\main\java\org\apache\openjpa\lib\meta\XMLMetaDataParser.java,674,0,no
1,openjpa-lib\src\main\java\org\apache\openjpa\lib\meta\XMLMetaDataSerializer.java,347,0,no
1,openjpa-lib\src\main\java\org\apache\openjpa\lib\meta\ZipFileMetaDataIterator.java,135,0,no
1,openjpa-lib\src\main\java\org\apache\openjpa\lib\meta\ZipStreamMetaDataIterator.java,151,0,no
1,openjpa-lib\src\main\java\org\apache\openjpa\lib\rop\AbstractListIterator.java,47,0,no
1,openjpa-lib\src\main\java\org\apache\openjpa\lib\rop\AbstractNonSequentialResultList.java,184,0,no
1,openjpa-lib\src\main\java\org\apache\openjpa\lib\rop\AbstractResultList.java,93,0,no
1,openjpa-lib\src\main\java\org\apache\openjpa\lib\rop\AbstractSequentialResultList.java,113,0,no
1,openjpa-lib\src\main\java\org\apache\openjpa\lib\rop\EagerResultList.java,46,0,no
1,openjpa-lib\src\main\java\org\apache\openjpa\lib\rop\LazyForwardResultList.java,194,0,no
1,openjpa-lib\src\main\java\org\apache\openjpa\lib\rop\ListResultList.java,120,0,no
1,openjpa-lib\src\main\java\org\apache\openjpa\lib\rop\ListResultObjectProvider.java,87,0,no
1,openjpa-lib\src\main\java\org\apache\openjpa\lib\rop\MergedResultObjectProvider.java,227,0,no
1,openjpa-lib\src\main\java\org\apache\openjpa\lib\rop\RandomAccessResultList.java,233,0,no
1,openjpa-lib\src\main\java\org\apache\openjpa\lib\rop\RangeResultObjectProvider.java,130,0,no
1,openjpa-lib\src\main\java\org\apache\openjpa\lib\rop\ResultList.java,54,0,no
1,openjpa-lib\src\main\java\org\apache\openjpa\lib\rop\ResultListIterator.java,75,0,no
1,openjpa-lib\src\main\java\org\apache\openjpa\lib\rop\ResultObjectProvider.java,92,0,no
1,openjpa-lib\src\main\java\org\apache\openjpa\lib\rop\ResultObjectProviderIterator.java,108,0,no
1,openjpa-lib\src\main\java\org\apache\openjpa\lib\rop\SimpleResultList.java,111,0,no
1,openjpa-lib\src\main\java\org\apache\openjpa\lib\rop\SoftRandomAccessResultList.java,38,0,no
1,openjpa-lib\src\main\java\org\apache\openjpa\lib\rop\WindowResultList.java,172,0,no
1,openjpa-lib\src\main\java\org\apache\openjpa\lib\util\AbstractEventManager.java,144,0,no
1,openjpa-lib\src\main\java\org\apache\openjpa\lib\util\Base16Encoder.java,62,0,no
1,openjpa-lib\src\main\java\org\apache\openjpa\lib\util\BytecodeWriter.java,30,0,no
1,openjpa-lib\src\main\java\org\apache\openjpa\lib\util\Closeable.java,27,0,no
1,openjpa-lib\src\main\java\org\apache\openjpa\lib\util\CodeFormat.java,581,0,no
1,openjpa-lib\src\main\java\org\apache\openjpa\lib\util\concurrent\AbstractCollection.java,47,0,no
1,openjpa-lib\src\main\java\org\apache\openjpa\lib\util\concurrent\AbstractConcurrentEventManager.java,121,0,no
1,openjpa-lib\src\main\java\org\apache\openjpa\lib\util\concurrent\AbstractQueue.java,170,0,no
1,openjpa-lib\src\main\java\org\apache\openjpa\lib\util\concurrent\AbstractSet.java,47,0,no
1,openjpa-lib\src\main\java\org\apache\openjpa\lib\util\concurrent\Arrays.java,845,0,no
1,openjpa-lib\src\main\java\org\apache\openjpa\lib\util\concurrent\ConcurrentHashMap.java,938,0,no
1,openjpa-lib\src\main\java\org\apache\openjpa\lib\util\concurrent\ConcurrentHashSet.java,107,0,no
1,openjpa-lib\src\main\java\org\apache\openjpa\lib\util\concurrent\ConcurrentLinkedQueue.java,500,0,no
1,openjpa-lib\src\main\java\org\apache\openjpa\lib\util\concurrent\ConcurrentMap.java,41,0,no
1,openjpa-lib\src\main\java\org\apache\openjpa\lib\util\concurrent\ConcurrentReferenceHashMap.java,1057,0,no
1,openjpa-lib\src\main\java\org\apache\openjpa\lib\util\concurrent\ConcurrentReferenceHashSet.java,129,0,no
1,openjpa-lib\src\main\java\org\apache\openjpa\lib\util\concurrent\Condition.java,382,0,no
1,openjpa-lib\src\main\java\org\apache\openjpa\lib\util\concurrent\CondVar.java,200,0,no
1,openjpa-lib\src\main\java\org\apache\openjpa\lib\util\concurrent\CopyOnWriteArrayList.java,948,0,no
1,openjpa-lib\src\main\java\org\apache\openjpa\lib\util\concurrent\CopyOnWriteArraySet.java,357,0,no
1,openjpa-lib\src\main\java\org\apache\openjpa\lib\util\concurrent\FIFOCondVar.java,156,0,no
1,openjpa-lib\src\main\java\org\apache\openjpa\lib\util\concurrent\FIFOWaitQueue.java,94,0,no
1,openjpa-lib\src\main\java\org\apache\openjpa\lib\util\concurrent\Lock.java,279,0,no
1,openjpa-lib\src\main\java\org\apache\openjpa\lib\util\concurrent\NanoTimer.java,45,0,no
1,openjpa-lib\src\main\java\org\apache\openjpa\lib\util\concurrent\Queue.java,198,0,no
1,openjpa-lib\src\main\java\org\apache\openjpa\lib\util\concurrent\ReentrantLock.java,853,0,no
1,openjpa-lib\src\main\java\org\apache\openjpa\lib\util\concurrent\TimeUnit.java,555,0,no
1,openjpa-lib\src\main\java\org\apache\openjpa\lib\util\concurrent\Utils.java,343,0,no
1,openjpa-lib\src\main\java\org\apache\openjpa\lib\util\concurrent\WaitQueue.java,149,0,no
1,openjpa-lib\src\main\java\org\apache\openjpa\lib\util\EventManager.java,56,0,no
1,openjpa-lib\src\main\java\org\apache\openjpa\lib\util\Files.java,266,0,no
1,openjpa-lib\src\main\java\org\apache\openjpa\lib\util\FormatPreservingProperties.java,701,0,no
1,openjpa-lib\src\main\java\org\apache\openjpa\lib\util\JavaVersions.java,258,0,no
1,openjpa-lib\src\main\java\org\apache\openjpa\lib\util\Localizer.java,291,0,no
1,openjpa-lib\src\main\java\org\apache\openjpa\lib\util\LRUMap.java,92,0,no
1,openjpa-lib\src\main\java\org\apache\openjpa\lib\util\MultiClassLoader.java,256,0,no
1,openjpa-lib\src\main\java\org\apache\openjpa\lib\util\Options.java,625,0,no
1,openjpa-lib\src\main\java\org\apache\openjpa\lib\util\ParameterTemplate.java,254,0,no
1,openjpa-lib\src\main\java\org\apache\openjpa\lib\util\ParseException.java,51,0,no
1,openjpa-lib\src\main\java\org\apache\openjpa\lib\util\ReferenceHashMap.java,205,0,no
1,openjpa-lib\src\main\java\org\apache\openjpa\lib\util\ReferenceHashSet.java,133,0,no
1,openjpa-lib\src\main\java\org\apache\openjpa\lib\util\ReferenceMap.java,50,0,no
1,openjpa-lib\src\main\java\org\apache\openjpa\lib\util\ResourceBundleProvider.java,36,0,no
1,openjpa-lib\src\main\java\org\apache\openjpa\lib\util\Services.java,199,0,no
1,openjpa-lib\src\main\java\org\apache\openjpa\lib\util\SimpleRegex.java,135,0,no
1,openjpa-lib\src\main\java\org\apache\openjpa\lib\util\SimpleResourceBundleProvider.java,49,0,no
1,openjpa-lib\src\main\java\org\apache\openjpa\lib\util\SizedMap.java,47,0,no
1,openjpa-lib\src\main\java\org\apache\openjpa\lib\util\StreamResourceBundleProvider.java,53,0,no
1,openjpa-lib\src\main\java\org\apache\openjpa\lib\util\StringDistance.java,196,0,no
1,openjpa-lib\src\main\java\org\apache\openjpa\lib\util\TemporaryClassLoader.java,96,0,no
1,openjpa-lib\src\main\java\org\apache\openjpa\lib\util\TypedProperties.java,329,0,no
1,openjpa-lib\src\main\java\org\apache\openjpa\lib\util\UUIDGenerator.java,187,0,no
1,openjpa-lib\src\main\java\org\apache\openjpa\lib\util\ZipResourceBundleProvider.java,67,0,no
1,openjpa-lib\src\main\java\org\apache\openjpa\lib\xml\Commentable.java,37,0,no
1,openjpa-lib\src\main\java\org\apache\openjpa\lib\xml\DocTypeReader.java,275,0,no
1,openjpa-lib\src\main\java\org\apache\openjpa\lib\xml\Location.java,77,0,no
1,openjpa-lib\src\main\java\org\apache\openjpa\lib\xml\ValidatingErrorHandler.java,43,0,no
1,openjpa-lib\src\main\java\org\apache\openjpa\lib\xml\XMLFactory.java,134,0,no
1,openjpa-lib\src\main\java\org\apache\openjpa\lib\xml\XMLWriter.java,131,0,no
1,openjpa-persistence\src\main\java\org\apache\openjpa\persistence\AnnotationPersistenceMetaDataParser.java,1619,0,no
1,openjpa-persistence\src\main\java\org\apache\openjpa\persistence\ArgumentException.java,114,0,no
1,openjpa-persistence\src\main\java\org\apache\openjpa\persistence\ConfigurationProviderImpl.java,397,0,no
1,openjpa-persistence\src\main\java\org\apache\openjpa\persistence\DataCache.java,38,0,no
1,openjpa-persistence\src\main\java\org\apache\openjpa\persistence\DataStoreId.java,37,0,no
1,openjpa-persistence\src\main\java\org\apache\openjpa\persistence\Dependent.java,35,0,no
1,openjpa-persistence\src\main\java\org\apache\openjpa\persistence\DetachedState.java,37,0,no
1,openjpa-persistence\src\main\java\org\apache\openjpa\persistence\ElementDependent.java,35,0,no
1,openjpa-persistence\src\main\java\org\apache\openjpa\persistence\ElementType.java,36,0,no
1,openjpa-persistence\src\main\java\org\apache\openjpa\persistence\EntityExistsException.java,108,0,no
1,openjpa-persistence\src\main\java\org\apache\openjpa\persistence\EntityManagerFactoryImpl.java,290,0,no
1,openjpa-persistence\src\main\java\org\apache\openjpa\persistence\EntityManagerImpl.java,985,0,no
1,openjpa-persistence\src\main\java\org\apache\openjpa\persistence\EntityNotFoundException.java,108,0,no
1,openjpa-persistence\src\main\java\org\apache\openjpa\persistence\Extent.java,136,0,no
1,openjpa-persistence\src\main\java\org\apache\openjpa\persistence\Externalizer.java,36,0,no
1,openjpa-persistence\src\main\java\org\apache\openjpa\persistence\ExternalValues.java,37,0,no
1,openjpa-persistence\src\main\java\org\apache\openjpa\persistence\Factory.java,36,0,no
1,openjpa-persistence\src\main\java\org\apache\openjpa\persistence\FetchAttribute.java,41,0,no
1,openjpa-persistence\src\main\java\org\apache\openjpa\persistence\FetchGroup.java,52,0,no
1,openjpa-persistence\src\main\java\org\apache\openjpa\persistence\FetchGroups.java,34,0,no
1,openjpa-persistence\src\main\java\org\apache\openjpa\persistence\FetchPlan.java,424,0,no
1,openjpa-persistence\src\main\java\org\apache\openjpa\persistence\Generator.java,99,0,no
1,openjpa-persistence\src\main\java\org\apache\openjpa\persistence\InvalidStateException.java,114,0,no
1,openjpa-persistence\src\main\java\org\apache\openjpa\persistence\InverseLogical.java,35,0,no
1,openjpa-persistence\src\main\java\org\apache\openjpa\persistence\KeyDependent.java,35,0,no
1,openjpa-persistence\src\main\java\org\apache\openjpa\persistence\KeyType.java,36,0,no
1,openjpa-persistence\src\main\java\org\apache\openjpa\persistence\LoadFetchGroup.java,34,0,no
1,openjpa-persistence\src\main\java\org\apache\openjpa\persistence\LRS.java,35,0,no
1,openjpa-persistence\src\main\java\org\apache\openjpa\persistence\MetaDataTag.java,77,0,no
1,openjpa-persistence\src\main\java\org\apache\openjpa\persistence\NonUniqueResultException.java,108,0,no
1,openjpa-persistence\src\main\java\org\apache\openjpa\persistence\NoResultException.java,108,0,no
1,openjpa-persistence\src\main\java\org\apache\openjpa\persistence\OpenJPAEntityManager.java,902,0,no
1,openjpa-persistence\src\main\java\org\apache\openjpa\persistence\OpenJPAEntityManagerFactory.java,105,0,no
1,openjpa-persistence\src\main\java\org\apache\openjpa\persistence\OpenJPAPersistence.java,440,0,no
1,openjpa-persistence\src\main\java\org\apache\openjpa\persistence\OpenJPAQuery.java,212,0,no
1,openjpa-persistence\src\main\java\org\apache\openjpa\persistence\OptimisticLockException.java,108,0,no
1,openjpa-persistence\src\main\java\org\apache\openjpa\persistence\PersistenceException.java,107,0,no
1,openjpa-persistence\src\main\java\org\apache\openjpa\persistence\PersistenceExceptions.java,246,0,no
1,openjpa-persistence\src\main\java\org\apache\openjpa\persistence\PersistenceListenerAdapter.java,109,0,no
1,openjpa-persistence\src\main\java\org\apache\openjpa\persistence\PersistenceMetaDataDefaults.java,253,0,no
1,openjpa-persistence\src\main\java\org\apache\openjpa\persistence\PersistenceMetaDataFactory.java,399,0,no
1,openjpa-persistence\src\main\java\org\apache\openjpa\persistence\PersistenceProductDerivation.java,66,0,no
1,openjpa-persistence\src\main\java\org\apache\openjpa\persistence\PersistenceProviderImpl.java,125,0,no
1,openjpa-persistence\src\main\java\org\apache\openjpa\persistence\PersistenceStrategy.java,41,0,no
1,openjpa-persistence\src\main\java\org\apache\openjpa\persistence\PersistenceUnitInfoImpl.java,455,0,no
1,openjpa-persistence\src\main\java\org\apache\openjpa\persistence\Persistent.java,45,0,no
1,openjpa-persistence\src\main\java\org\apache\openjpa\persistence\PersistentCollection.java,45,0,no
1,openjpa-persistence\src\main\java\org\apache\openjpa\persistence\PersistentMap.java,49,0,no
1,openjpa-persistence\src\main\java\org\apache\openjpa\persistence\QueryImpl.java,513,0,no
1,openjpa-persistence\src\main\java\org\apache\openjpa\persistence\QueryResultCache.java,114,0,no
1,openjpa-persistence\src\main\java\org\apache\openjpa\persistence\ReadOnly.java,35,0,no
1,openjpa-persistence\src\main\java\org\apache\openjpa\persistence\RollbackException.java,98,0,no
1,openjpa-persistence\src\main\java\org\apache\openjpa\persistence\StoreCache.java,196,0,no
1,openjpa-persistence\src\main\java\org\apache\openjpa\persistence\TransactionRequiredException.java,114,0,no
1,openjpa-persistence\src\main\java\org\apache\openjpa\persistence\Type.java,36,0,no
1,openjpa-persistence\src\main\java\org\apache\openjpa\persistence\UpdateAction.java,27,0,no
1,openjpa-persistence\src\main\java\org\apache\openjpa\persistence\XMLPersistenceMetaDataParser.java,1627,0,no
1,openjpa-persistence\src\main\java\org\apache\openjpa\persistence\XMLPersistenceMetaDataSerializer.java,1405,0,no
1,openjpa-persistence-jdbc\src\main\java\org\apache\openjpa\persistence\jdbc\AnnotationPersistenceMappingParser.java,1327,0,no
1,openjpa-persistence-jdbc\src\main\java\org\apache\openjpa\persistence\jdbc\ClassCriteria.java,36,0,no
1,openjpa-persistence-jdbc\src\main\java\org\apache\openjpa\persistence\jdbc\Columns.java,36,0,no
1,openjpa-persistence-jdbc\src\main\java\org\apache\openjpa\persistence\jdbc\ContainerTable.java,47,0,no
1,openjpa-persistence-jdbc\src\main\java\org\apache\openjpa\persistence\jdbc\DataStoreIdColumn.java,42,0,no
1,openjpa-persistence-jdbc\src\main\java\org\apache\openjpa\persistence\jdbc\DiscriminatorStrategy.java,34,0,no
1,openjpa-persistence-jdbc\src\main\java\org\apache\openjpa\persistence\jdbc\EagerFetchMode.java,35,0,no
1,openjpa-persistence-jdbc\src\main\java\org\apache\openjpa\persistence\jdbc\EagerFetchType.java,28,0,no
1,openjpa-persistence-jdbc\src\main\java\org\apache\openjpa\persistence\jdbc\ElementClassCriteria.java,36,0,no
1,openjpa-persistence-jdbc\src\main\java\org\apache\openjpa\persistence\jdbc\ElementForeignKey.java,43,0,no
1,openjpa-persistence-jdbc\src\main\java\org\apache\openjpa\persistence\jdbc\ElementIndex.java,39,0,no
1,openjpa-persistence-jdbc\src\main\java\org\apache\openjpa\persistence\jdbc\ElementJoinColumn.java,49,0,no
1,openjpa-persistence-jdbc\src\main\java\org\apache\openjpa\persistence\jdbc\ElementJoinColumns.java,36,0,no
1,openjpa-persistence-jdbc\src\main\java\org\apache\openjpa\persistence\jdbc\ElementNonpolymorphic.java,36,0,no
1,openjpa-persistence-jdbc\src\main\java\org\apache\openjpa\persistence\jdbc\EmbeddedMapping.java,42,0,no
1,openjpa-persistence-jdbc\src\main\java\org\apache\openjpa\persistence\jdbc\ForeignKey.java,46,0,no
1,openjpa-persistence-jdbc\src\main\java\org\apache\openjpa\persistence\jdbc\ForeignKeyAction.java,29,0,no
1,openjpa-persistence-jdbc\src\main\java\org\apache\openjpa\persistence\jdbc\Index.java,43,0,no
1,openjpa-persistence-jdbc\src\main\java\org\apache\openjpa\persistence\jdbc\JDBCFetchPlan.java,109,0,no
1,openjpa-persistence-jdbc\src\main\java\org\apache\openjpa\persistence\jdbc\JDBCPersistenceProductDerivation.java,78,0,no
1,openjpa-persistence-jdbc\src\main\java\org\apache\openjpa\persistence\jdbc\MappingOverride.java,43,0,no
1,openjpa-persistence-jdbc\src\main\java\org\apache\openjpa\persistence\jdbc\MappingOverrides.java,34,0,no
1,openjpa-persistence-jdbc\src\main\java\org\apache\openjpa\persistence\jdbc\MappingTag.java,86,0,no
1,openjpa-persistence-jdbc\src\main\java\org\apache\openjpa\persistence\jdbc\Nonpolymorphic.java,35,0,no
1,openjpa-persistence-jdbc\src\main\java\org\apache\openjpa\persistence\jdbc\NonpolymorphicType.java,28,0,no
1,openjpa-persistence-jdbc\src\main\java\org\apache\openjpa\persistence\jdbc\OrderColumn.java,45,0,no
1,openjpa-persistence-jdbc\src\main\java\org\apache\openjpa\persistence\jdbc\PersistenceMappingDefaults.java,165,0,no
1,openjpa-persistence-jdbc\src\main\java\org\apache\openjpa\persistence\jdbc\PersistenceMappingFactory.java,58,0,no
1,openjpa-persistence-jdbc\src\main\java\org\apache\openjpa\persistence\jdbc\Strategy.java,34,0,no
1,openjpa-persistence-jdbc\src\main\java\org\apache\openjpa\persistence\jdbc\SubclassFetchMode.java,34,0,no
1,openjpa-persistence-jdbc\src\main\java\org\apache\openjpa\persistence\jdbc\Unique.java,41,0,no
1,openjpa-persistence-jdbc\src\main\java\org\apache\openjpa\persistence\jdbc\VersionColumn.java,48,0,no
1,openjpa-persistence-jdbc\src\main\java\org\apache\openjpa\persistence\jdbc\VersionColumns.java,34,0,no
1,openjpa-persistence-jdbc\src\main\java\org\apache\openjpa\persistence\jdbc\VersionStrategy.java,34,0,no
1,openjpa-persistence-jdbc\src\main\java\org\apache\openjpa\persistence\jdbc\XJoinColumn.java,51,0,no
1,openjpa-persistence-jdbc\src\main\java\org\apache\openjpa\persistence\jdbc\XJoinColumns.java,35,0,no
1,openjpa-persistence-jdbc\src\main\java\org\apache\openjpa\persistence\jdbc\XMLPersistenceMappingParser.java,857,0,no
1,openjpa-persistence-jdbc\src\main\java\org\apache\openjpa\persistence\jdbc\XMLPersistenceMappingSerializer.java,682,0,no
1,openjpa-persistence-jdbc\src\main\java\org\apache\openjpa\persistence\jdbc\XSecondaryTable.java,47,0,no
1,openjpa-persistence-jdbc\src\main\java\org\apache\openjpa\persistence\jdbc\XSecondaryTables.java,34,0,no
1,openjpa-persistence-jdbc\src\main\java\org\apache\openjpa\persistence\jdbc\XTable.java,44,0,no
1,openjpa-xmlstore\src\main\java\org\apache\openjpa\xmlstore\ObjectData.java,383,0,no
1,openjpa-xmlstore\src\main\java\org\apache\openjpa\xmlstore\XMLConfiguration.java,70,0,no
1,openjpa-xmlstore\src\main\java\org\apache\openjpa\xmlstore\XMLFileHandler.java,654,0,no
1,openjpa-xmlstore\src\main\java\org\apache\openjpa\xmlstore\XMLStore.java,156,0,no
1,openjpa-xmlstore\src\main\java\org\apache\openjpa\xmlstore\XMLStoreManager.java,284,0,no
